time,measured,inverted
0,-14.0,0.0
15,-14.1,0.0
30,-14.0,0.0
45,-13.9,0.0
60,-13.8,0.0
75,-13.9,0.0
90,-13.9,0.0
105,-13.9,0.0
120,-13.9,0.0
135,-13.9,0.0
150,-13.8,0.0
165,-13.8,0.0
180,-13.9,0.0
195,-13.8,0.0
210,-13.9,0.0
225,-13.8,0.0
240,-13.8,0.0
255,-13.8,0.0
270,-13.9,0.0
285,-13.8,0.0
300,-13.8,0.0
315,-13.9,0.0
330,-13.8,0.0
345,-14.2,0.0
360,-14.4,0.0
375,-7.88,7.65
390,60.1,78.0
405,177.0,195.0
420,330.0,348.0
435,451.0,469.0
450,481.0,498.0
465,513.0,530.0
480,622.0,639.0
495,783.0,796.0
510,791.0,809.0
525,1097.0,1119.0
540,1449.0,1471.0
555,1286.0,1306.0
570,1192.0,1216.0
585,1202.0,1225.0
600,1009.0,1034.0
615,1319.0,1345.0
630,1653.0,1679.0
645,2074.0,2102.0
660,2553.0,2592.0
675,3340.0,3414.0
690,3313.0,3377.0
705,3581.0,3605.0
720,3349.0,3399.0
735,3047.0,3097.0
750,2409.0,2451.0
765,1616.0,1645.0
780,1336.0,1367.0
795,1455.0,1485.0
810,1610.0,1641.0
825,1685.0,1709.0
840,1373.0,1402.0
855,1716.0,1749.0
870,1871.0,1903.0
885,1722.0,1751.0
900,1675.0,1706.0
915,1434.0,1463.0
930,1481.0,1517.0
945,1227.0,1259.0
960,1381.0,1410.0
975,1442.0,1455.0
990,1991.0,2027.0
1005,2190.0,2230.0
1020,979.0,1060.0
1035,915.0,948.0
1050,1092.0,1119.0
1065,704.0,721.0
1080,619.0,642.0
1095,413.0,438.0
1110,165.0,194.0
1125,67.7,95.8
1140,12.1,35.6
1155,-6.05,12.7
1170,-13.2,0.217
1185,-13.8,0.0
1200,-13.4,0.0
1215,-13.3,0.0
1230,-13.8,0.0
1245,-13.8,0.0
1260,-13.8,0.0
1275,-13.8,0.0
1290,-13.9,0.0
1305,-13.9,0.0
1320,-13.7,0.0
1335,-13.6,0.0
1350,-13.6,0.0
1365,-13.6,0.0
1380,-13.6,0.0
1395,-13.7,0.0
1410,-13.7,0.0
1425,-13.7,0.0
1440,-13.7,0.0
1455,-13.8,0.0
1470,-13.8,0.0
1485,-13.8,0.0
1500,-13.9,0.0
1515,-13.8,0.0
1530,-13.9,0.0
1545,-13.8,0.0
1560,-13.9,0.0
1575,-13.8,0.0
1590,-13.9,0.0
1605,-13.9,0.0
1620,-13.9,0.0
1635,-13.9,0.0
1650,-13.9,0.0
1665,-13.9,0.0
1680,-13.7,0.0
1695,-13.7,0.0
1710,-13.7,0.0
1725,-13.8,0.0
1740,-13.7,0.0
1755,-13.7,0.0
1770,-13.7,0.0
1785,-14.1,0.0
1800,-14.3,0.0
1815,-9.2,6.17
1830,49.8,67.8
1845,141.0,158.0
1860,268.0,286.0
1875,274.0,291.0
1890,266.0,285.0
1905,325.0,343.0
1920,454.0,473.0
1935,706.0,727.0
1950,1062.0,1078.0
1965,1945.0,1977.0
1980,2305.0,2337.0
1995,2608.0,2645.0
2010,2828.0,2867.0
2025,3042.0,3085.0
2040,3239.0,3283.0
2055,3470.0,3516.0
2070,2660.0,2613.0
2085,1703.0,1790.0
2100,2305.0,2742.0
2115,2685.0,2669.0
2130,2158.0,2064.0
2145,2702.0,2671.0
2160,3705.0,3636.0
2175,3803.0,3807.0
2190,2715.0,2790.0
2205,4467.0,4595.0
2220,4190.0,4151.0
2235,4367.0,4493.0
2250,2335.0,2294.0
2265,3790.0,3801.0
2280,4096.0,4261.0
2295,3758.0,3752.0
2310,3266.0,3388.0
2325,3643.0,3592.0
2340,3033.0,3071.0
2355,3455.0,3522.0
2370,2668.0,2709.0
2385,2630.0,2680.0
2400,2471.0,2531.0
2415,2697.0,2629.0
2430,2061.0,1968.0
2445,1896.0,2047.0
2460,1703.0,1740.0
2475,1114.0,1144.0
2490,1119.0,1148.0
2505,877.0,903.0
2520,603.0,629.0
2535,365.0,392.0
2550,181.0,208.0
2565,51.0,79.2
2580,8.2,31.7
2595,-13.7,5.98
2610,-13.7,0.0
2625,-13.7,0.0
2640,-13.6,0.0
2655,-13.7,0.0
2670,-13.7,0.0
2685,-13.7,0.0
2700,-13.7,0.0
2715,-13.6,0.0
2730,-13.7,0.0
2745,-13.8,0.0
2760,-13.8,0.0
2775,-13.9,0.0
2790,-13.9,0.0
2805,-13.9,0.0
2820,-13.9,0.0
2835,-13.9,0.0
2850,-13.9,0.0
2865,-14.0,0.0
2880,-13.9,0.0
2895,-13.8,0.0
2910,-13.7,0.0
2925,-13.7,0.0
2940,-13.8,0.0
2955,-13.7,0.0
2970,-13.8,0.0
2985,-13.8,0.0
3000,-13.8,0.0
3015,-13.8,0.0
3030,-13.7,0.0
3045,-13.8,0.0
3060,-13.8,0.0
3075,-13.8,0.0
3090,-13.8,0.0
3105,-13.7,0.0
3120,-13.8,0.0
3135,-13.8,0.0
3150,-13.7,0.0
3165,-13.8,0.0
3180,-13.7,0.0
3195,-13.6,0.0
3210,-13.8,0.0
3225,-14.1,0.0
3240,-14.3,0.0
3255,-4.15,12.6
3270,50.0,69.1
3285,141.0,159.0
3300,271.0,288.0
3315,408.0,424.0
3330,630.0,652.0
3345,944.0,960.0
3360,1156.0,1174.0
3375,1571.0,1599.0
3390,1834.0,1864.0
3405,2097.0,2130.0
3420,2350.0,2385.0
3435,2583.0,2620.0
3450,2807.0,2848.0
3465,3013.0,3057.0
3480,3208.0,3255.0
3495,3380.0,3429.0
3510,3518.0,3571.0
3525,3672.0,3729.0
3540,3449.0,3408.0
3555,1613.0,1713.0
3570,4138.0,4298.0
3585,3559.0,3902.0
3600,2833.0,2912.0
3615,2131.0,2401.0
3630,3095.0,3166.0
3645,3928.0,4160.0
3660,3336.0,3638.0
3675,3082.0,3133.0
3690,2322.0,2404.0
3705,3483.0,3439.0
3720,742.0,773.0
3735,1266.0,1463.0
3750,1171.0,1241.0
3765,2688.0,2921.0
3780,800.0,832.0
3795,837.0,870.0
3810,1489.0,1452.0
3825,2643.0,2634.0
3840,2017.0,2081.0
3855,2098.0,2052.0
3870,1005.0,1009.0
3885,2069.0,2110.0
3900,1805.0,1838.0
3915,1480.0,1509.0
3930,1147.0,1175.0
3945,847.0,875.0
3960,524.0,550.0
3975,311.0,336.0
3990,175.0,203.0
4005,65.0,93.3
4020,18.8,43.2
4035,-8.0,13.1
4050,-14.3,0.0
4065,-13.6,0.0
4080,-13.3,0.0
4095,-13.2,0.0
4110,-13.6,0.0
4125,-13.7,0.0
4140,-13.8,0.0
4155,-13.8,0.0
4170,-13.8,0.0
4185,-13.8,0.0
4200,-13.8,0.0
4215,-13.8,0.0
4230,-13.8,0.0
4245,-13.9,0.0
4260,-13.9,0.0
4275,-14.0,0.0
4290,-14.0,0.0
4305,-14.1,0.0
4320,-14.0,0.0
4335,-14.1,0.0
4350,-14.0,0.0
4365,-14.0,0.0
4380,-14.0,0.0
4395,-14.0,0.0
4410,-14.0,0.0
4425,-14.0,0.0
4440,-14.1,0.0
4455,-14.1,0.0
4470,-14.0,0.0
4485,-14.1,0.0
4500,-14.0,0.0
4515,-14.0,0.0
4530,-14.0,0.0
4545,-14.0,0.0
4560,-14.1,0.0
4575,-14.0,0.0
4590,-14.1,0.0
4605,-14.0,0.0
4620,-13.9,0.0
4635,-13.9,0.0
4650,-14.0,0.0
4665,-14.1,0.0
4680,-14.6,0.0
4695,-12.6,1.23
4710,24.5,42.4
4725,89.6,108.0
4740,215.0,233.0
4755,404.0,422.0
4770,632.0,651.0
4785,842.0,859.0
4800,1230.0,1252.0
4815,1522.0,1550.0
4830,1826.0,1856.0
4845,2096.0,2129.0
4860,2352.0,2387.0
4875,2590.0,2629.0
4890,2819.0,2859.0
4905,3042.0,3085.0
4920,3226.0,3272.0
4935,3404.0,3453.0
4950,3560.0,3614.0
4965,3731.0,3794.0
4980,3007.0,3215.0
4995,3436.0,3510.0
5010,1529.0,1617.0
5025,4357.0,4407.0
5040,4348.0,4429.0
5055,3468.0,3674.0
5070,3558.0,3623.0
5085,4058.0,4110.0
5100,2982.0,2961.0
5115,4490.0,4553.0
5130,4233.0,4127.0
5145,2806.0,3212.0
5160,4067.0,4003.0
5175,3474.0,3479.0
5190,2395.0,2481.0
5205,1481.0,1519.0
5220,3173.0,3035.0
5235,2631.0,2738.0
5250,3331.0,3349.0
5265,1800.0,1783.0
5280,1420.0,1497.0
5295,1299.0,1199.0
5310,2204.0,2161.0
5325,1570.0,1598.0
5340,1624.0,1667.0
5355,1378.0,1409.0
5370,1094.0,1123.0
5385,860.0,888.0
5400,571.0,599.0
5415,328.0,356.0
5430,166.0,192.0
5445,60.2,87.3
5460,12.3,36.9
5475,-15.1,5.53
5490,-14.1,0.0
5505,-13.7,0.0
5520,-13.5,0.0
5535,-13.6,0.0
5550,-13.6,0.0
5565,-13.6,0.0
5580,-13.7,0.0
5595,-13.6,0.0
5610,-13.7,0.0
5625,-13.7,0.0
5640,-13.7,0.0
5655,-13.8,0.0
5670,-13.9,0.0
5685,-14.0,0.0
5700,-13.9,0.0
5715,-14.0,0.0
5730,-13.9,0.0
5745,-14.0,0.0
5760,-14.0,0.0
5775,-14.0,0.0
5790,-14.0,0.0
5805,-14.1,0.0
5820,-14.0,0.0
5835,-14.1,0.0
5850,-13.9,0.0
5865,-14.0,0.0
5880,-14.0,0.0
5895,-14.0,0.0
5910,-14.0,0.0
5925,-14.0,0.0
5940,-13.9,0.0
5955,-14.0,0.0
5970,-14.0,0.0
5985,-14.0,0.0
6000,-14.0,0.0
6015,-14.0,0.0
6030,-14.0,0.0
6045,-13.9,0.0
6060,-13.9,0.0
6075,-13.9,0.0
6090,-13.8,0.0
6105,-14.1,0.0
6120,-14.4,0.0
6135,-14.9,0.0
6150,24.6,43.8
6165,92.0,111.0
6180,212.0,230.0
6195,403.0,421.0
6210,622.0,640.0
6225,883.0,892.0
6240,1186.0,1210.0
6255,1491.0,1519.0
6270,1772.0,1804.0
6285,2032.0,2065.0
6300,2276.0,2311.0
6315,2619.0,2657.0
6330,2793.0,2833.0
6345,2956.0,2999.0
6360,3158.0,3204.0
6375,3394.0,3446.0
6390,3637.0,3656.0
6405,3686.0,3743.0
6420,3804.0,3864.0
6435,3957.0,4020.0
6450,4136.0,4201.0
6465,4225.0,4102.0
6480,4272.0,4326.0
6495,3526.0,3680.0
6510,4320.0,4406.0
6525,3270.0,3403.0
6540,3389.0,3209.0
6555,3381.0,3460.0
6570,3800.0,3921.0
6585,4193.0,4266.0
6600,2558.0,2546.0
6615,3370.0,3490.0
6630,2283.0,2465.0
6645,3901.0,3963.0
6660,3606.0,3664.0
6675,3384.0,3411.0
6690,3296.0,3348.0
6705,3149.0,3201.0
6720,2901.0,3006.0
6735,2828.0,2873.0
6750,2401.0,2440.0
6765,1664.0,1709.0
6780,1449.0,1490.0
6795,1289.0,1307.0
6810,1237.0,1264.0
6825,1023.0,1050.0
6840,649.0,676.0
6855,358.0,386.0
6870,133.0,161.0
6885,20.4,46.7
6900,-6.27,16.0
6915,-16.2,0.44
6930,-14.0,0.0
6945,-13.7,0.0
6960,-13.5,0.0
6975,-13.5,0.0
6990,-13.6,0.0
7005,-13.6,0.0
7020,-13.6,0.0
7035,-13.7,0.0
7050,-13.7,0.0
7065,-13.7,0.0
7080,-13.8,0.0
7095,-13.8,0.0
7110,-13.9,0.0
7125,-13.8,0.0
7140,-13.8,0.0
7155,-13.9,0.0
7170,-13.9,0.0
7185,-13.8,0.0
7200,-13.8,0.0
7215,-13.9,0.0
7230,-13.8,0.0
7245,-13.9,0.0
7260,-13.8,0.0
7275,-13.7,0.0
7290,-13.8,0.0
7305,-13.7,0.0
7320,-13.8,0.0
7335,-13.8,0.0
7350,-13.8,0.0
7365,-13.7,0.0
7380,-13.7,0.0
7395,-13.8,0.0
7410,-13.8,0.0
7425,-13.8,0.0
7440,-13.8,0.0
7455,-13.7,0.0
7470,-13.7,0.0
7485,-13.8,0.0
7500,-13.7,0.0
7515,-13.9,0.0
7530,-13.9,0.0
7545,-13.9,0.0
7560,-14.4,0.0
7575,-13.3,1.9
7590,35.3,54.9
7605,156.0,174.0
7620,244.0,265.0
7635,321.0,337.0
7650,240.0,255.0
7665,332.0,351.0
7680,477.0,492.0
7695,823.0,838.0
7710,679.0,703.0
7725,720.0,730.0
7740,1272.0,1296.0
7755,2446.0,2575.0
7770,1624.0,1678.0
7785,2145.0,2147.0
7800,3619.0,3590.0
7815,2469.0,2419.0
7830,3481.0,3535.0
7845,3249.0,3287.0
7860,4006.0,4067.0
7875,2278.0,2319.0
7890,2863.0,2944.0
7905,1930.0,1945.0
7920,1151.0,1176.0
7935,2356.0,2408.0
7950,2084.0,2111.0
7965,1924.0,1955.0
7980,2171.0,2194.0
7995,1720.0,1750.0
8010,1677.0,1705.0
8025,1727.0,1756.0
8040,2023.0,2057.0
8055,2625.0,2682.0
8070,2403.0,2425.0
8085,2119.0,2139.0
8100,930.0,957.0
8115,900.0,926.0
8130,782.0,810.0
8145,1086.0,1113.0
8160,939.0,964.0
8175,636.0,659.0
8190,625.0,648.0
8205,752.0,775.0
8220,687.0,708.0
8235,510.0,530.0
8250,412.0,432.0
8265,273.0,292.0
8280,152.0,173.0
8295,100.0,119.0
8310,90.4,110.0
8325,17.3,34.5
8340,-7.28,9.81
8355,-14.3,0.0
8370,-14.1,0.0
8385,-14.0,0.0
8400,-13.9,0.0
8415,-13.9,0.0
8430,-13.8,0.0
8445,-13.9,0.0
8460,-13.9,0.0
8475,-13.9,0.0
8490,-14.0,0.0
8505,-14.0,0.0
8520,-13.9,0.0
8535,-14.0,0.0
8550,-14.1,0.0
8565,-14.1,0.0
8580,-14.1,0.0
8595,-14.1,0.0
8610,-14.0,0.0
8625,-13.9,0.0
8640,-13.9,0.0
8655,-13.8,0.0
8670,-13.9,0.0
8685,-13.8,0.0
8700,-13.7,0.0
8715,-13.8,0.0
8730,-13.9,0.0
8745,-13.9,0.0
8760,-13.8,0.0
8775,-13.8,0.0
8790,-13.9,0.0
8805,-13.9,0.0
8820,-14.0,0.0
8835,-13.9,0.0
8850,-13.9,0.0
8865,-13.8,0.0
8880,-13.8,0.0
8895,-13.8,0.0
8910,-13.8,0.0
8925,-13.8,0.0
8940,-13.9,0.0
8955,-13.9,0.0
8970,-13.9,0.0
8985,-13.9,0.0
9000,-14.0,0.0
9015,-14.5,0.0
9030,-14.4,0.0
9045,-14.5,0.0
9060,-14.5,0.0
9075,18.1,34.5
9090,31.7,47.3
9105,10.2,25.8
9120,8.11,23.7
9135,33.1,48.3
9150,117.0,133.0
9165,302.0,317.0
9180,595.0,576.0
9195,710.0,725.0
9210,701.0,719.0
9225,652.0,661.0
9240,562.0,578.0
9255,245.0,258.0
9270,264.0,279.0
9285,284.0,299.0
9300,283.0,302.0
9315,417.0,431.0
9330,550.0,567.0
9345,315.0,329.0
9360,128.0,142.0
9375,205.0,219.0
9390,227.0,240.0
9405,190.0,204.0
9420,60.6,76.8
9435,31.4,47.8
9450,59.9,77.3
9465,82.9,99.2
9480,98.3,114.0
9495,119.0,134.0
9510,108.0,126.0
9525,87.6,103.0
9540,76.0,91.8
9555,111.0,126.0
9570,180.0,194.0
9585,174.0,189.0
9600,175.0,190.0
9615,110.0,125.0
9630,212.0,229.0
9645,313.0,325.0
9660,481.0,495.0
9675,392.0,405.0
9690,196.0,211.0
9705,67.9,83.6
9720,93.2,109.0
9735,87.4,104.0
9750,24.3,40.2
9765,-3.82,12.2
9780,-13.0,0.0
9795,-12.7,0.0
9810,-12.5,0.0
9825,-12.2,0.0
9840,-12.1,0.0
9855,-12.2,0.0
9870,-12.1,0.0
9885,-12.1,0.0
9900,-12.2,0.0
9915,-12.2,0.0
9930,-12.2,0.0
9945,-12.3,0.0
9960,-12.3,0.0
9975,-12.2,0.0
9990,-11.9,0.0
10005,-11.8,0.0
10020,-11.7,0.0
10035,-11.5,0.0
10050,-11.4,0.0
10065,-11.5,0.0
10080,-11.4,0.0
10095,-11.1,0.0
10110,-11.1,0.0
10125,-11.1,0.0
10140,-11.1,0.0
10155,-11.1,0.0
10170,-11.1,0.0
10185,-11.1,0.0
10200,-10.6,0.0
10215,-10.3,0.0
10230,-9.55,0.0
10245,-9.48,0.0
10260,-9.45,0.0
10275,-9.49,0.0
10290,-9.43,0.0
10305,-9.5,0.0
10320,-9.48,0.0
10335,-9.41,0.0
10350,-9.48,0.0
10365,-9.42,0.0
10380,-9.47,0.0
10395,-9.46,0.0
10410,-9.42,0.0
10425,-9.48,0.0
10440,-9.69,0.0
10455,-10.2,0.0
10470,-10.2,0.0
10485,-6.3,5.12
10500,21.5,36.0
10515,47.0,59.1
10530,72.0,84.9
10545,101.0,117.0
10560,128.0,141.0
10575,172.0,187.0
10590,160.0,175.0
10605,226.0,241.0
10620,245.0,258.0
10635,236.0,247.0
10650,242.0,255.0
10665,186.0,201.0
10680,202.0,214.0
10695,255.0,268.0
10710,353.0,370.0
10725,437.0,448.0
10740,378.0,392.0
10755,327.0,342.0
10770,364.0,374.0
10785,405.0,416.0
10800,523.0,535.0
10815,576.0,591.0
10830,623.0,641.0
10845,585.0,602.0
10860,516.0,534.0
10875,475.0,491.0
10890,422.0,437.0
10905,490.0,502.0
10920,582.0,582.0
10935,749.0,748.0
10950,1007.0,1020.0
10965,949.0,979.0
10980,927.0,949.0
10995,898.0,905.0
11010,749.0,769.0
11025,511.0,529.0
11040,762.0,792.0
11055,879.0,902.0
11070,611.0,637.0
11085,285.0,293.0
11100,457.0,467.0
11115,436.0,448.0
11130,152.0,170.0
11145,193.0,206.0
11160,164.0,178.0
11175,61.3,76.0
11190,19.7,33.2
11205,2.05,15.0
11220,-10.7,0.455
11235,-10.1,0.0
11250,-9.99,0.0
11265,-9.63,0.0
11280,-9.53,0.0
11295,-9.61,0.0
11310,-9.61,0.0
11325,-9.53,0.0
11340,-9.66,0.0
11355,-9.58,0.0
11370,-9.59,0.0
11385,-9.66,0.0
11400,-9.69,0.0
11415,-9.4,0.0
11430,-9.44,0.0
11445,-9.53,0.0
11460,-9.42,0.0
11475,-9.51,0.0
11490,-9.47,0.0
11505,-9.42,0.0
11520,-9.55,0.0
11535,-9.69,0.0
11550,-9.61,0.0
11565,-9.65,0.0
11580,-9.75,0.0
11595,-9.68,0.0
11610,-9.71,0.0
11625,-9.71,0.0
11640,-9.69,0.0
11655,-9.67,0.0
11670,-9.63,0.0
11685,-9.62,0.0
11700,-9.55,0.0
11715,-9.57,0.0
11730,-9.58,0.0
11745,-9.44,0.0
11760,-9.57,0.0
11775,-9.59,0.0
11790,-9.61,0.0
11805,-9.59,0.0
11820,-9.6,0.0
11835,-9.56,0.0
11850,-9.55,0.0
11865,-9.64,0.0
11880,-9.9,0.0
11895,-10.1,0.0
11910,-9.75,0.677
11925,13.8,28.1
11940,38.7,51.7
11955,128.0,142.0
11970,267.0,279.0
11985,523.0,537.0
12000,779.0,789.0
12015,772.0,778.0
12030,1036.0,1038.0
12045,1121.0,1138.0
12060,1318.0,1340.0
12075,1890.0,1829.0
12090,1503.0,1527.0
12105,2111.0,2174.0
12120,1818.0,1814.0
12135,1288.0,1302.0
12150,1292.0,1331.0
12165,1512.0,1525.0
12180,1353.0,1358.0
12195,1172.0,1181.0
12210,1277.0,1298.0
12225,1641.0,1640.0
12240,1472.0,1485.0
12255,1570.0,1606.0
12270,1537.0,1545.0
12285,1878.0,1903.0
12300,3270.0,3276.0
12315,2005.0,2036.0
12330,1717.0,1747.0
12345,3314.0,3354.0
12360,4107.0,4155.0
12375,2967.0,3036.0
12390,2798.0,2827.0
12405,1827.0,1853.0
12420,2393.0,2426.0
12435,1630.0,1655.0
12450,1754.0,1776.0
12465,1674.0,1692.0
12480,1211.0,1235.0
12495,1566.0,1550.0
12510,1380.0,1360.0
12525,802.0,817.0
12540,622.0,643.0
12555,475.0,489.0
12570,373.0,392.0
12585,296.0,313.0
12600,149.0,167.0
12615,70.9,91.7
12630,62.9,81.8
12645,13.7,31.8
12660,-9.47,6.59
12675,-13.7,0.0
12690,-13.9,0.0
12705,-13.5,0.0
12720,-13.3,0.0
12735,-13.4,0.0
12750,-13.3,0.0
12765,-13.3,0.0
12780,-13.3,0.0
12795,-13.2,0.0
12810,-13.2,0.0
12825,-13.2,0.0
12840,-13.3,0.0
12855,-13.3,0.0
12870,-13.4,0.0
12885,-13.3,0.0
12900,-13.4,0.0
12915,-13.4,0.0
12930,-13.2,0.0
12945,-12.6,0.0
12960,-12.4,0.0
12975,-12.1,0.0
12990,-12.0,0.0
13005,-12.0,0.0
13020,-12.0,0.0
13035,-11.6,0.0
13050,-11.2,0.0
13065,-11.2,0.0
13080,-11.3,0.0
13095,-11.2,0.0
13110,-11.2,0.0
13125,-11.3,0.0
13140,-10.8,0.0
13155,-10.8,0.0
13170,-10.8,0.0
13185,-10.6,0.0
13200,-10.0,0.0
13215,-9.61,0.0
13230,-9.62,0.0
13245,-9.58,0.0
13260,-9.58,0.0
13275,-9.54,0.0
13290,-9.53,0.0
13305,-9.54,0.0
13320,-9.87,0.0
13335,-10.1,0.0
13350,8.63,20.8
13365,63.0,77.2
13380,187.0,202.0
13395,394.0,410.0
13410,666.0,674.0
13425,982.0,999.0
13440,1322.0,1339.0
13455,1654.0,1671.0
13470,1978.0,1997.0
13485,2287.0,2311.0
13500,2574.0,2600.0
13515,2859.0,2887.0
13530,3100.0,3130.0
13545,3336.0,3375.0
13560,3531.0,3578.0
13575,3697.0,3749.0
13590,3851.0,3892.0
13605,4009.0,4066.0
13620,4173.0,4234.0
13635,4261.0,4325.0
13650,4357.0,4423.0
13665,4429.0,4496.0
13680,4494.0,4567.0
13695,4506.0,4573.0
13710,4540.0,4606.0
13725,4548.0,4620.0
13740,4589.0,4659.0
13755,4198.0,4227.0
13770,1898.0,1942.0
13785,4244.0,4433.0
13800,2638.0,2750.0
13815,2225.0,2398.0
13830,3983.0,3972.0
13845,2489.0,2436.0
13860,3182.0,2864.0
13875,1531.0,1601.0
13890,3604.0,3733.0
13905,3023.0,2992.0
13920,2978.0,3011.0
13935,1125.0,1193.0
13950,2620.0,2657.0
13965,1879.0,1889.0
13980,1669.0,1695.0
13995,970.0,1007.0
14010,923.0,965.0
14025,320.0,319.0
14040,346.0,354.0
14055,302.0,324.0
14070,111.0,134.0
14085,35.2,57.7
14100,4.05,23.5
14115,-14.3,1.23
14130,-13.9,0.0
14145,-13.3,0.0
14160,-13.3,0.0
14175,-13.3,0.0
14190,-13.3,0.0
14205,-13.4,0.0
14220,-13.4,0.0
14235,-13.5,0.0
14250,-13.6,0.0
14265,-13.6,0.0
14280,-13.6,0.0
14295,-13.7,0.0
14310,-13.6,0.0
14325,-13.7,0.0
14340,-13.6,0.0
14355,-13.6,0.0
14370,-13.7,0.0
14385,-13.5,0.0
14400,-13.7,0.0
14415,-13.9,0.0
14430,-13.9,0.0
14445,-13.9,0.0
14460,-13.9,0.0
14475,-13.9,0.0
14490,-13.9,0.0
14505,-13.9,0.0
14520,-13.9,0.0
14535,-13.9,0.0
14550,-13.8,0.0
14565,-13.9,0.0
14580,-13.9,0.0
14595,-13.4,0.0
14610,-13.3,0.0
14625,-13.0,0.0
14640,-13.0,0.0
14655,-13.0,0.0
14670,-13.1,0.0
14685,-12.7,0.0
14700,-12.6,0.0
14715,-12.5,0.0
14730,-12.5,0.0
14745,-12.7,0.0
14760,-12.8,0.0
14775,-12.1,1.07
14790,14.0,29.4
14805,75.4,90.6
14820,193.0,207.0
14835,392.0,408.0
14850,657.0,672.0
14865,965.0,979.0
14880,1288.0,1298.0
14895,1624.0,1641.0
14910,1943.0,1964.0
14925,2252.0,2276.0
14940,2538.0,2568.0
14955,2782.0,2816.0
14970,3006.0,3044.0
14985,3212.0,3255.0
15000,3413.0,3458.0
15015,3594.0,3643.0
15030,3393.0,3460.0
15045,4086.0,4169.0
15060,3871.0,3915.0
15075,3358.0,3540.0
15090,2752.0,2804.0
15105,3116.0,2975.0
15120,2254.0,2252.0
15135,2882.0,2938.0
15150,2270.0,2430.0
15165,4029.0,4076.0
15180,1775.0,1852.0
15195,4196.0,4267.0
15210,3321.0,3357.0
15225,3187.0,2638.0
15240,3543.0,3952.0
15255,3908.0,4135.0
15270,3216.0,3770.0
15285,3774.0,3809.0
15300,1805.0,1856.0
15315,3752.0,3815.0
15330,3086.0,3042.0
15345,3028.0,3048.0
15360,2579.0,2683.0
15375,2454.0,2504.0
15390,2261.0,2310.0
15405,2042.0,2076.0
15420,1690.0,1721.0
15435,1365.0,1394.0
15450,1053.0,1081.0
15465,755.0,781.0
15480,480.0,501.0
15495,258.0,277.0
15510,108.0,129.0
15525,30.2,49.4
15540,1.71,19.4
15555,-14.6,0.64
15570,-13.7,0.0
15585,-13.2,0.0
15600,-13.4,0.0
15615,-13.4,0.0
15630,-13.4,0.0
15645,-13.5,0.0
15660,-13.5,0.0
15675,-13.6,0.0
15690,-13.7,0.0
15705,-13.6,0.0
15720,-13.6,0.0
15735,-13.6,0.0
15750,-13.6,0.0
15765,-13.6,0.0
15780,-13.7,0.0
15795,-13.7,0.0
15810,-13.6,0.0
15825,-13.8,0.0
15840,-13.8,0.0
15855,-14.0,0.0
15870,-13.9,0.0
15885,-13.8,0.0
15900,-13.8,0.0
15915,-13.9,0.0
15930,-13.9,0.0
15945,-13.9,0.0
15960,-13.9,0.0
15975,-13.8,0.0
15990,-13.8,0.0
16005,-13.9,0.0
16020,-13.6,0.0
16035,-13.7,0.0
16050,-13.2,0.0
16065,-13.1,0.0
16080,-13.0,0.0
16095,-13.1,0.0
16110,-12.8,0.0
16125,-12.6,0.0
16140,-12.6,0.0
16155,-12.6,0.0
16170,-12.7,0.0
16185,-12.3,0.0
16200,-12.6,0.0
16215,-12.9,0.0
16230,2.48,17.7
16245,68.3,83.6
16260,196.0,211.0
16275,410.0,425.0
16290,674.0,696.0
16305,1000.0,1017.0
16320,1327.0,1310.0
16335,1660.0,1679.0
16350,1988.0,2010.0
16365,2298.0,2323.0
16380,2583.0,2610.0
16395,2821.0,2855.0
16410,3048.0,3087.0
16425,3264.0,3309.0
16440,3449.0,3495.0
16455,3636.0,3686.0
16470,3823.0,3878.0
16485,3986.0,4044.0
16500,4112.0,4173.0
16515,4205.0,4269.0
16530,4288.0,4353.0
16545,4365.0,4432.0
16560,4385.0,4454.0
16575,4397.0,4466.0
16590,4432.0,4504.0
16605,4466.0,4539.0
16620,4439.0,4512.0
16635,4400.0,4471.0
16650,4325.0,4395.0
16665,4284.0,4355.0
16680,4195.0,4263.0
16695,4097.0,4164.0
16710,3978.0,4041.0
16725,3826.0,3885.0
16740,3663.0,3719.0
16755,3473.0,3527.0
16770,3273.0,3324.0
16785,3071.0,3117.0
16800,2847.0,2891.0
16815,2600.0,2639.0
16830,2314.0,2351.0
16845,2008.0,2041.0
16860,1694.0,1725.0
16875,1371.0,1400.0
16890,1057.0,1084.0
16905,752.0,777.0
16920,472.0,497.0
16935,249.0,272.0
16950,100.0,121.0
16965,32.1,52.3
16980,-0.035,17.6
16995,-14.1,0.461
17010,-14.0,0.0
17025,-13.6,0.0
17040,-13.6,0.0
17055,-13.8,0.0
17070,-13.7,0.0
17085,-13.7,0.0
17100,-13.8,0.0
17115,-13.9,0.0
17130,-14.0,0.0
17145,-14.0,0.0
17160,-14.1,0.0
17175,-14.1,0.0
17190,-14.0,0.0
17205,-14.1,0.0
17220,-14.1,0.0
17235,-14.1,0.0
17250,-14.1,0.0
17265,-14.1,0.0
17280,-14.0,0.0
17295,-14.0,0.0
17310,-14.1,0.0
17325,-14.2,0.0
17340,-14.3,0.0
17355,-14.2,0.0
17370,-14.2,0.0
17385,-14.4,0.0
17400,-14.2,0.0
17415,-14.3,0.0
17430,-14.2,0.0
17445,-14.1,0.0
17460,-14.2,0.0
17475,-14.1,0.0
17490,-14.1,0.0
17505,-14.2,0.0
17520,-14.3,0.0
17535,-14.2,0.0
17550,-14.3,0.0
17565,-14.2,0.0
17580,-14.3,0.0
17595,-14.0,0.0
17610,-14.1,0.0
17625,-14.1,0.0
17640,-14.6,0.0
17655,-14.9,0.0
17670,-0.489,15.8
17685,53.1,69.7
17700,186.0,201.0
17715,377.0,392.0
17730,630.0,651.0
17745,953.0,970.0
17760,1325.0,1344.0
17775,1602.0,1623.0
17790,1890.0,1912.0
17805,2189.0,2214.0
17820,2445.0,2474.0
17835,2704.0,2738.0
17850,2957.0,2996.0
17865,3160.0,3203.0
17880,3358.0,3402.0
17895,3548.0,3598.0
17910,3694.0,3746.0
17925,3847.0,3905.0
17940,3963.0,4023.0
17955,4065.0,4125.0
17970,4125.0,4186.0
17985,4213.0,4280.0
18000,4271.0,4336.0
18015,4312.0,4380.0
18030,4311.0,4380.0
18045,4268.0,4337.0
18060,4274.0,4342.0
18075,4219.0,4286.0
18090,4169.0,4235.0
18105,4115.0,4180.0
18120,4032.0,4097.0
18135,3898.0,3961.0
18150,3795.0,3856.0
18165,3647.0,3704.0
18180,3493.0,3547.0
18195,3317.0,3369.0
18210,3127.0,3175.0
18225,2903.0,2949.0
18240,2671.0,2713.0
18255,2416.0,2454.0
18270,2147.0,2182.0
18285,1866.0,1899.0
18300,1575.0,1603.0
18315,1268.0,1296.0
18330,970.0,997.0
18345,680.0,706.0
18360,416.0,443.0
18375,209.0,235.0
18390,79.8,101.0
18405,21.2,42.1
18420,-6.23,12.0
18435,-14.4,0.0
18450,-13.9,0.0
18465,-13.5,0.0
18480,-13.6,0.0
18495,-13.5,0.0
18510,-13.6,0.0
18525,-13.6,0.0
18540,-13.7,0.0
18555,-13.7,0.0
18570,-13.8,0.0
18585,-13.9,0.0
18600,-13.9,0.0
18615,-13.9,0.0
18630,-14.0,0.0
18645,-14.0,0.0
18660,-14.0,0.0
18675,-14.0,0.0
18690,-13.9,0.0
18705,-13.9,0.0
18720,-14.0,0.0
18735,-14.0,0.0
18750,-13.9,0.0
18765,-14.1,0.0
18780,-14.1,0.0
18795,-14.0,0.0
18810,-14.0,0.0
18825,-14.0,0.0
18840,-14.0,0.0
18855,-14.1,0.0
18870,-14.0,0.0
18885,-14.0,0.0
18900,-14.1,0.0
18915,-14.0,0.0
18930,-14.1,0.0
18945,-14.0,0.0
18960,-13.9,0.0
18975,-13.9,0.0
18990,-13.9,0.0
19005,-13.9,0.0
19020,-13.9,0.0
19035,-13.8,0.0
19050,-13.8,0.0
19065,-13.9,0.0
19080,-14.2,0.0
19095,-14.4,0.0
19110,-1.89,13.4
19125,53.0,70.9
19140,165.0,183.0
19155,356.0,373.0
19170,596.0,610.0
19185,866.0,881.0
19200,1156.0,1176.0
19215,1431.0,1455.0
19230,1786.0,1810.0
19245,2091.0,2122.0
19260,2336.0,2368.0
19275,2613.0,2648.0
19290,2846.0,2886.0
19305,3056.0,3099.0
19320,3243.0,3289.0
19335,3415.0,3465.0
19350,3584.0,3637.0
19365,3721.0,3777.0
19380,3861.0,3918.0
19395,3957.0,4019.0
19410,4032.0,4095.0
19425,4109.0,4174.0
19440,4179.0,4246.0
19455,4172.0,4239.0
19470,4182.0,4250.0
19485,4201.0,4271.0
19500,4166.0,4235.0
19515,4123.0,4190.0
19530,4087.0,4156.0
19545,4036.0,4102.0
19560,3922.0,3989.0
19575,3821.0,3882.0
19590,3707.0,3768.0
19605,3581.0,3639.0
19620,3442.0,3497.0
19635,3240.0,3293.0
19650,3064.0,3111.0
19665,2831.0,2877.0
19680,2604.0,2647.0
19695,2360.0,2399.0
19710,2100.0,2136.0
19725,1820.0,1852.0
19740,1517.0,1546.0
19755,1221.0,1248.0
19770,933.0,960.0
19785,647.0,675.0
19800,385.0,411.0
19815,194.0,221.0
19830,67.2,94.0
19845,18.2,35.5
19860,-9.16,8.68
19875,-13.5,0.0
19890,-13.8,0.0
19905,-13.6,0.0
19920,-13.5,0.0
19935,-13.6,0.0
19950,-13.6,0.0
19965,-13.6,0.0
19980,-13.7,0.0
19995,-13.7,0.0
20010,-13.7,0.0
20025,-13.7,0.0
20040,-13.9,0.0
20055,-13.9,0.0
20070,-13.8,0.0
20085,-13.8,0.0
20100,-13.9,0.0
20115,-13.8,0.0
20130,-13.8,0.0
20145,-13.8,0.0
20160,-13.9,0.0
20175,-13.8,0.0
20190,-13.9,0.0
20205,-13.8,0.0
20220,-14.0,0.0
20235,-14.0,0.0
20250,-14.1,0.0
20265,-14.0,0.0
20280,-14.0,0.0
20295,-14.0,0.0
20310,-14.1,0.0
20325,-14.0,0.0
20340,-14.0,0.0
20355,-14.1,0.0
20370,-14.0,0.0
20385,-14.1,0.0
20400,-14.0,0.0
20415,-14.0,0.0
20430,-14.0,0.0
20445,-13.9,0.0
20460,-13.8,0.0
20475,-13.9,0.0
20490,-14.0,0.0
20505,-14.0,0.0
20520,-14.3,0.0
20535,-14.5,0.0
20550,-0.701,16.5
20565,54.8,73.4
20580,169.0,187.0
20595,352.0,368.0
20610,591.0,609.0
20625,870.0,889.0
20640,1169.0,1189.0
20655,1478.0,1502.0
20670,1784.0,1808.0
20685,2080.0,2110.0
20700,2361.0,2395.0
20715,2615.0,2650.0
20730,2849.0,2888.0
20745,3077.0,3120.0
20760,3280.0,3324.0
20775,3465.0,3514.0
20790,3628.0,3680.0
20805,3783.0,3838.0
20820,3922.0,3981.0
20835,4032.0,4096.0
20850,4173.0,4239.0
20865,4227.0,4295.0
20880,4260.0,4327.0
20895,4305.0,4374.0
20910,4343.0,4412.0
20925,4321.0,4389.0
20940,4298.0,4369.0
20955,4260.0,4328.0
20970,4205.0,4274.0
20985,4138.0,4206.0
21000,4039.0,4106.0
21015,3915.0,3980.0
21030,3810.0,3869.0
21045,3674.0,3732.0
21060,3510.0,3565.0
21075,3310.0,3362.0
21090,3104.0,3154.0
21105,2874.0,2918.0
21120,2635.0,2677.0
21135,2383.0,2421.0
21150,2106.0,2142.0
21165,1805.0,1838.0
21180,1503.0,1532.0
21195,1200.0,1228.0
21210,902.0,930.0
21225,621.0,648.0
21240,376.0,403.0
21255,187.0,214.0
21270,56.0,89.2
21285,14.7,38.3
21300,-13.7,6.87
21315,-13.5,0.0
21330,-13.2,0.0
21345,-13.1,0.0
21360,-13.1,0.0
21375,-13.1,0.0
21390,-13.2,0.0
21405,-13.6,0.0
21420,-13.6,0.0
21435,-13.7,0.0
21450,-13.7,0.0
21465,-13.6,0.0
21480,-13.7,0.0
21495,-13.8,0.0
21510,-13.8,0.0
21525,-13.9,0.0
21540,-13.9,0.0
21555,-13.9,0.0
21570,-13.9,0.0
21585,-13.8,0.0
21600,-13.9,0.0
21615,-13.9,0.0
21630,-13.8,0.0
21645,-13.9,0.0
21660,-14.0,0.0
21675,-14.0,0.0
21690,-14.0,0.0
21705,-14.0,0.0
21720,-14.0,0.0
21735,-14.0,0.0
21750,-14.0,0.0
21765,-14.0,0.0
21780,-13.9,0.0
21795,-13.9,0.0
21810,-14.0,0.0
21825,-13.9,0.0
21840,-13.9,0.0
21855,-13.9,0.0
21870,-13.9,0.0
21885,-13.9,0.0
21900,-13.9,0.0
21915,-13.8,0.0
21930,-13.8,0.0
21945,-13.9,0.0
21960,-14.0,0.0
21975,-14.4,0.0
21990,-5.97,9.52
22005,49.0,66.8
22020,158.0,176.0
22035,336.0,354.0
22050,578.0,596.0
22065,896.0,897.0
22080,1171.0,1193.0
22095,1470.0,1495.0
22110,1761.0,1788.0
22125,2059.0,2088.0
22140,2323.0,2357.0
22155,2453.0,2503.0
22170,2946.0,2990.0
22185,3138.0,3219.0
22200,3283.0,3330.0
22215,3417.0,3467.0
22230,3559.0,3612.0
22245,3681.0,3755.0
22260,3371.0,3116.0
22275,3978.0,4030.0
22290,2465.0,2633.0
22305,3844.0,4034.0
22320,3040.0,3159.0
22335,4054.0,4204.0
22350,1635.0,1785.0
22365,2878.0,3088.0
22380,1663.0,1728.0
22395,4483.0,4550.0
22410,4140.0,4226.0
22425,3359.0,3433.0
22440,4131.0,4270.0
22455,4058.0,4105.0
22470,3821.0,3890.0
22485,3639.0,3702.0
22500,3526.0,3580.0
22515,3367.0,3420.0
22530,3213.0,3261.0
22545,2503.0,2516.0
22560,2459.0,2484.0
22575,2182.0,2254.0
22590,2055.0,2090.0
22605,1905.0,1936.0
22620,1592.0,1622.0
22635,1250.0,1279.0
22650,988.0,1016.0
22665,688.0,716.0
22680,397.0,424.0
22695,193.0,222.0
22710,73.0,101.0
22725,16.3,40.4
22740,-11.5,5.23
22755,-13.5,0.0
22770,-13.4,0.0
22785,-13.6,0.0
22800,-13.5,0.0
22815,-13.6,0.0
22830,-13.6,0.0
22845,-13.6,0.0
22860,-13.6,0.0
22875,-13.6,0.0
22890,-13.7,0.0
22905,-13.7,0.0
22920,-13.7,0.0
22935,-13.8,0.0
22950,-13.7,0.0
22965,-13.8,0.0
22980,-13.9,0.0
22995,-13.9,0.0
23010,-14.0,0.0
23025,-13.9,0.0
23040,-13.9,0.0
23055,-13.9,0.0
23070,-13.8,0.0
23085,-13.8,0.0
23100,-14.0,0.0
23115,-13.8,0.0
23130,-13.7,0.0
23145,-13.6,0.0
23160,-13.7,0.0
23175,-13.8,0.0
23190,-13.7,0.0
23205,-13.7,0.0
23220,-13.7,0.0
23235,-13.6,0.0
23250,-13.7,0.0
23265,-13.6,0.0
23280,-13.7,0.0
23295,-13.8,0.0
23310,-13.7,0.0
23325,-13.7,0.0
23340,-13.7,0.0
23355,-13.7,0.0
23370,-13.7,0.0
23385,-13.8,0.0
23400,-13.9,0.0
23415,-14.3,0.0
23430,-12.5,2.34
23445,38.7,57.2
23460,120.0,137.0
23475,246.0,264.0
23490,570.0,586.0
23505,769.0,801.0
23520,1172.0,1194.0
23535,1488.0,1515.0
23550,1799.0,1828.0
23565,2074.0,2107.0
23580,2349.0,2383.0
23595,2600.0,2637.0
23610,2830.0,2869.0
23625,3033.0,3074.0
23640,3241.0,3286.0
23655,3407.0,3454.0
23670,3555.0,3607.0
23685,3699.0,3755.0
23700,3796.0,3854.0
23715,3885.0,3945.0
23730,3979.0,4042.0
23745,4086.0,4152.0
23760,4277.0,4325.0
23775,2917.0,3179.0
23790,4223.0,4320.0
23805,1591.0,1564.0
23820,2759.0,2833.0
23835,4194.0,4263.0
23850,4093.0,4160.0
23865,4016.0,4080.0
23880,3872.0,3936.0
23895,3836.0,3899.0
23910,3686.0,3728.0
23925,3554.0,3614.0
23940,3392.0,3446.0
23955,3197.0,3247.0
23970,3022.0,3069.0
23985,2829.0,2872.0
24000,2474.0,2488.0
24015,2128.0,2172.0
24030,931.0,1026.0
24045,488.0,516.0
24060,1293.0,1345.0
24075,820.0,846.0
24090,566.0,590.0
24105,513.0,532.0
24120,204.0,229.0
24135,148.0,177.0
24150,71.9,99.7
24165,2.21,26.0
24180,-15.9,0.644
24195,-13.8,0.0
24210,-13.4,0.0
24225,-13.4,0.0
24240,-13.6,0.0
24255,-13.6,0.0
24270,-13.6,0.0
24285,-13.6,0.0
24300,-13.6,0.0
24315,-13.6,0.0
24330,-13.6,0.0
24345,-13.6,0.0
24360,-13.6,0.0
24375,-13.7,0.0
24390,-13.8,0.0
24405,-13.6,0.0
24420,-13.7,0.0
24435,-13.7,0.0
24450,-13.7,0.0
24465,-13.8,0.0
24480,-13.9,0.0
24495,-13.9,0.0
24510,-13.8,0.0
24525,-13.8,0.0
24540,-13.9,0.0
24555,-14.0,0.0
24570,-13.8,0.0
24585,-13.9,0.0
24600,-14.0,0.0
24615,-14.0,0.0
24630,-13.8,0.0
24645,-13.8,0.0
24660,-13.9,0.0
24675,-13.8,0.0
24690,-13.9,0.0
24705,-13.9,0.0
24720,-13.7,0.0
24735,-13.7,0.0
24750,-13.7,0.0
24765,-13.7,0.0
24780,-13.7,0.0
24795,-13.7,0.0
24810,-13.6,0.0
24825,-13.7,0.0
24840,-14.0,0.0
24855,-14.3,0.0
24870,-7.19,8.02
24885,45.4,64.2
24900,143.0,161.0
24915,301.0,320.0
24930,526.0,546.0
24945,750.0,768.0
24960,1056.0,1075.0
24975,1362.0,1387.0
24990,1672.0,1702.0
25005,1969.0,2002.0
25020,2167.0,2202.0
25035,2437.0,2473.0
25050,2705.0,2751.0
25065,2148.0,2161.0
25080,2355.0,2383.0
25095,3421.0,3455.0
25110,3433.0,3483.0
25125,3559.0,3612.0
25140,3694.0,3736.0
25155,3787.0,3845.0
25170,3905.0,3967.0
25185,3262.0,3323.0
25200,4150.0,4217.0
25215,4016.0,4086.0
25230,2558.0,2661.0
25245,1067.0,1133.0
25260,1500.0,1591.0
25275,1996.0,2046.0
25290,3821.0,3909.0
25305,3970.0,4031.0
25320,3789.0,3836.0
25335,2125.0,2193.0
25350,1201.0,1258.0
25365,2465.0,2494.0
25380,2020.0,2033.0
25395,1116.0,1164.0
25410,2582.0,2669.0
25425,1052.0,1081.0
25440,952.0,980.0
25455,1025.0,1031.0
25470,795.0,823.0
25485,517.0,547.0
25500,555.0,579.0
25515,748.0,776.0
25530,681.0,720.0
25545,467.0,490.0
25560,191.0,218.0
25575,143.0,172.0
25590,59.3,85.9
25605,4.37,25.0
25620,-13.4,0.015
25635,-13.5,0.0
25650,-13.2,0.0
25665,-13.6,0.0
25680,-13.6,0.0
25695,-13.5,0.0
25710,-13.5,0.0
25725,-13.6,0.0
25740,-13.6,0.0
25755,-13.5,0.0
25770,-13.6,0.0
25785,-13.7,0.0
25800,-13.6,0.0
25815,-13.8,0.0
25830,-13.8,0.0
25845,-13.7,0.0
25860,-13.8,0.0
25875,-13.8,0.0
25890,-13.8,0.0
25905,-14.0,0.0
25920,-13.9,0.0
25935,-13.9,0.0
25950,-13.9,0.0
25965,-13.9,0.0
25980,-13.9,0.0
25995,-13.9,0.0
26010,-13.9,0.0
26025,-13.9,0.0
26040,-14.0,0.0
26055,-13.9,0.0
26070,-14.0,0.0
26085,-14.0,0.0
26100,-14.0,0.0
26115,-13.9,0.0
26130,-13.9,0.0
26145,-13.9,0.0
26160,-14.0,0.0
26175,-13.8,0.0
26190,-13.9,0.0
26205,-13.8,0.0
26220,-13.8,0.0
26235,-13.7,0.0
26250,-13.7,0.0
26265,-13.8,0.0
26280,-13.9,0.0
26295,-14.3,0.0
26310,-10.7,4.52
26325,40.7,59.3
26340,123.0,142.0
26355,269.0,289.0
26370,491.0,507.0
26385,808.0,830.0
26400,1080.0,1101.0
26415,1368.0,1389.0
26430,1643.0,1655.0
26445,1936.0,1959.0
26460,2217.0,2246.0
26475,2483.0,2517.0
26490,2718.0,2756.0
26505,2941.0,2982.0
26520,3128.0,3172.0
26535,3307.0,3352.0
26550,3486.0,3535.0
26565,3341.0,3371.0
26580,3703.0,3757.0
26595,3807.0,3863.0
26610,3906.0,3966.0
26625,3979.0,4042.0
26640,4050.0,4119.0
26655,3642.0,3750.0
26670,2872.0,2887.0
26685,1705.0,1719.0
26700,1154.0,1181.0
26715,1727.0,1761.0
26730,1854.0,1899.0
26745,2150.0,2175.0
26760,3221.0,3306.0
26775,2920.0,2987.0
26790,3682.0,3742.0
26805,1940.0,1927.0
26820,3433.0,3508.0
26835,2613.0,2655.0
26850,1626.0,1614.0
26865,2621.0,2643.0
26880,2072.0,2069.0
26895,2280.0,2317.0
26910,1933.0,1967.0
26925,1665.0,1695.0
26940,1367.0,1358.0
26955,1044.0,1072.0
26970,748.0,783.0
26985,447.0,475.0
27000,155.0,183.0
27015,48.3,75.5
27030,19.3,43.3
27045,21.1,42.7
27060,-17.0,0.7809999999999999
27075,-13.7,0.0
27090,-13.4,0.0
27105,-13.4,0.0
27120,-13.5,0.0
27135,-13.5,0.0
27150,-13.5,0.0
27165,-13.6,0.0
27180,-13.6,0.0
27195,-13.6,0.0
27210,-13.7,0.0
27225,-13.7,0.0
27240,-13.7,0.0
27255,-13.7,0.0
27270,-13.8,0.0
27285,-13.9,0.0
27300,-13.8,0.0
27315,-13.7,0.0
27330,-13.9,0.0
27345,-13.9,0.0
27360,-14.0,0.0
27375,-13.9,0.0
27390,-13.9,0.0
27405,-13.9,0.0
27420,-13.9,0.0
27435,-13.9,0.0
27450,-13.9,0.0
27465,-13.9,0.0
27480,-13.8,0.0
27495,-13.9,0.0
27510,-13.9,0.0
27525,-13.9,0.0
27540,-14.0,0.0
27555,-14.0,0.0
27570,-13.9,0.0
27585,-13.9,0.0
27600,-13.8,0.0
27615,-13.8,0.0
27630,-13.8,0.0
27645,-13.8,0.0
27660,-13.7,0.0
27675,-13.8,0.0
27690,-13.8,0.0
27705,-13.7,0.0
27720,-13.9,0.0
27735,-14.3,0.0
27750,-14.3,0.0
27765,24.2,42.8
27780,80.5,99.2
27795,287.0,304.0
27810,508.0,527.0
27825,734.0,753.0
27840,987.0,1011.0
27855,1259.0,1282.0
27870,1559.0,1588.0
27885,1820.0,1850.0
27900,2080.0,2114.0
27915,2345.0,2381.0
27930,2586.0,2625.0
27945,2816.0,2857.0
27960,2993.0,3035.0
27975,3134.0,3180.0
27990,3277.0,3326.0
28005,3423.0,3474.0
28020,3829.0,3901.0
28035,3738.0,3834.0
28050,2876.0,2806.0
28065,2037.0,2120.0
28080,3581.0,3578.0
28095,3520.0,3616.0
28110,1995.0,2081.0
28125,2148.0,2170.0
28140,913.0,942.0
28155,806.0,830.0
28170,756.0,783.0
28185,1257.0,1390.0
28200,2433.0,2632.0
28215,2309.0,2403.0
28230,2354.0,2445.0
28245,2861.0,2803.0
28260,2667.0,2714.0
28275,2911.0,2916.0
28290,2755.0,2786.0
28305,2658.0,2697.0
28320,2196.0,2224.0
28335,2030.0,2041.0
28350,1732.0,1694.0
28365,1330.0,1452.0
28380,1355.0,1382.0
28395,1014.0,1041.0
28410,721.0,747.0
28425,483.0,510.0
28440,272.0,301.0
28455,124.0,153.0
28470,32.9,59.9
28485,-5.87,15.6
28500,-15.7,0.0
28515,-13.7,0.0
28530,-13.5,0.0
28545,-13.4,0.0
28560,-13.5,0.0
28575,-13.5,0.0
28590,-13.6,0.0
28605,-13.7,0.0
28620,-13.6,0.0
28635,-13.6,0.0
28650,-13.6,0.0
28665,-13.5,0.0
28680,-13.7,0.0
28695,-13.6,0.0
28710,-13.7,0.0
28725,-13.7,0.0
28740,-13.8,0.0
28755,-13.8,0.0
28770,-13.9,0.0
28785,-13.7,0.0
28800,-13.8,0.0
28815,-13.8,0.0
28830,-13.8,0.0
28845,-13.8,0.0
28860,-13.8,0.0
28875,-13.8,0.0
28890,-13.8,0.0
28905,-13.9,0.0
28920,-13.8,0.0
28935,-13.8,0.0
28950,-13.9,0.0
28965,-13.9,0.0
28980,-13.8,0.0
28995,-13.8,0.0
29010,-13.8,0.0
29025,-13.9,0.0
29040,-13.8,0.0
29055,-13.7,0.0
29070,-13.7,0.0
29085,-13.7,0.0
29100,-13.7,0.0
29115,-13.8,0.0
29130,-14.0,0.0
29145,-13.9,0.0
29160,-13.9,0.0
29175,-14.5,0.0
29190,-14.4,0.0
29205,17.0,35.3
29220,-13.6,2.54
29235,-14.3,0.0
29250,-10.2,5.38
29265,122.0,141.0
29280,227.0,246.0
29295,187.0,205.0
29310,337.0,355.0
29325,461.0,480.0
29340,693.0,715.0
29355,1429.0,1425.0
29370,2309.0,2164.0
29385,3172.0,3307.0
29400,1574.0,1613.0
29415,1246.0,1260.0
29430,1669.0,1681.0
29445,1106.0,1127.0
29460,1500.0,1530.0
29475,2024.0,2042.0
29490,3779.0,3637.0
29505,1781.0,1704.0
29520,1571.0,1609.0
29535,1844.0,1812.0
29550,2595.0,2486.0
29565,3152.0,3212.0
29580,2583.0,2600.0
29595,2042.0,2082.0
29610,1910.0,1942.0
29625,1820.0,1830.0
29640,1525.0,1555.0
29655,1876.0,1892.0
29670,2050.0,2032.0
29685,1914.0,1948.0
29700,1874.0,1907.0
29715,1723.0,1767.0
29730,1518.0,1548.0
29745,1296.0,1322.0
29760,1086.0,1108.0
29775,882.0,902.0
29790,795.0,816.0
29805,680.0,698.0
29820,546.0,565.0
29835,507.0,526.0
29850,455.0,473.0
29865,263.0,280.0
29880,225.0,243.0
29895,168.0,186.0
29910,37.2,55.4
29925,-10.2,5.47
29940,-13.8,0.0
29955,-13.5,0.0
29970,-13.1,0.0
29985,-13.0,0.0
30000,-13.1,0.0
30015,-13.1,0.0
30030,-13.1,0.0
30045,-13.2,0.0
30060,-13.2,0.0
30075,-13.1,0.0
30090,-13.1,0.0
30105,-13.2,0.0
30120,-13.3,0.0
30135,-13.1,0.0
30150,-13.1,0.0
30165,-13.2,0.0
30180,-13.2,0.0
30195,-13.3,0.0
30210,-13.3,0.0
30225,-13.2,0.0
30240,-13.3,0.0
30255,-13.3,0.0
30270,-13.3,0.0
30285,-13.1,0.0
30300,-12.4,0.0
30315,-12.3,0.0
30330,-11.9,0.0
30345,-12.0,0.0
30360,-12.0,0.0
30375,-11.9,0.0
30390,-11.6,0.0
30405,-11.3,0.0
30420,-11.1,0.0
30435,-11.2,0.0
30450,-11.2,0.0
30465,-11.2,0.0
30480,-11.2,0.0
30495,-11.2,0.0
30510,-10.8,0.0
30525,-10.4,0.0
30540,-9.73,0.0
30555,-9.61,0.0
30570,-9.65,0.0
30585,-9.61,0.0
30600,-9.66,0.0
30615,-10.1,0.0
30630,-10.2,0.0
30645,-0.595,12.0
30660,36.4,50.7
30675,103.0,117.0
30690,184.0,198.0
30705,280.0,294.0
30720,415.0,430.0
30735,591.0,606.0
30750,665.0,680.0
30765,822.0,837.0
30780,1023.0,1038.0
30795,1585.0,1611.0
30810,1720.0,1725.0
30825,1239.0,1253.0
30840,1521.0,1541.0
30855,2777.0,2833.0
30870,2282.0,2323.0
30885,1727.0,1744.0
30900,1913.0,1932.0
30915,2246.0,2250.0
30930,2065.0,2089.0
30945,2852.0,2927.0
30960,2931.0,2923.0
30975,1884.0,1903.0
30990,2269.0,2283.0
31005,2648.0,2724.0
31020,2348.0,2365.0
31035,2121.0,2148.0
31050,1966.0,2009.0
31065,2303.0,2338.0
31080,2549.0,2611.0
31095,1823.0,1857.0
31110,1636.0,1670.0
31125,3611.0,3602.0
31140,1988.0,2128.0
31155,3000.0,2989.0
31170,2492.0,2567.0
31185,3302.0,3411.0
31200,3021.0,3055.0
31215,2584.0,2615.0
31230,2234.0,2262.0
31245,1897.0,1921.0
31260,1559.0,1583.0
31275,1216.0,1236.0
31290,887.0,904.0
31305,576.0,594.0
31320,317.0,333.0
31335,128.0,147.0
31350,32.5,49.8
31365,-1.29,14.9
31380,-13.6,0.0
31395,-13.2,0.0
31410,-12.9,0.0
31425,-13.0,0.0
31440,-13.1,0.0
31455,-13.3,0.0
31470,-13.4,0.0
31485,-13.3,0.0
31500,-13.5,0.0
31515,-13.5,0.0
31530,-13.4,0.0
31545,-13.6,0.0
31560,-13.5,0.0
31575,-13.5,0.0
31590,-13.5,0.0
31605,-13.5,0.0
31620,-13.5,0.0
31635,-12.9,0.0
31650,-12.3,0.0
31665,-12.1,0.0
31680,-11.9,0.0
31695,-11.9,0.0
31710,-11.7,0.0
31725,-11.5,0.0
31740,-11.2,0.0
31755,-11.1,0.0
31770,-11.1,0.0
31785,-11.1,0.0
31800,-10.8,0.0
31815,-10.4,0.0
31830,-9.94,0.0
31845,-9.69,0.0
31860,-9.79,0.0
31875,-9.72,0.0
31890,-9.77,0.0
31905,-9.77,0.0
31920,-9.75,0.0
31935,-9.76,0.0
31950,-9.74,0.0
31965,-9.78,0.0
31980,-9.81,0.0
31995,-9.71,0.0
32010,-9.77,0.0
32025,-9.79,0.0
32040,-9.64,0.0
32055,-10.2,0.0
32070,-10.5,0.303
32085,21.7,35.5
32100,138.0,152.0
32115,338.0,351.0
32130,609.0,598.0
32145,939.0,940.0
32160,1276.0,1293.0
32175,1618.0,1637.0
32190,1969.0,1991.0
32205,2301.0,2322.0
32220,2597.0,2619.0
32235,2871.0,2898.0
32250,3121.0,3153.0
32265,3350.0,3385.0
32280,3548.0,3595.0
32295,3739.0,3788.0
32310,3916.0,3972.0
32325,4074.0,4131.0
32340,4197.0,4257.0
32355,4307.0,4370.0
32370,4399.0,4465.0
32385,4451.0,4519.0
32400,4503.0,4573.0
32415,4518.0,4589.0
32430,4521.0,4591.0
32445,4507.0,4578.0
32460,4477.0,4547.0
32475,4464.0,4533.0
32490,4385.0,4452.0
32505,4287.0,4353.0
32520,4183.0,4250.0
32535,4076.0,4141.0
32550,3936.0,3999.0
32565,3777.0,3834.0
32580,3588.0,3641.0
32595,3386.0,3435.0
32610,3179.0,3224.0
32625,2947.0,2989.0
32640,2683.0,2722.0
32655,2401.0,2438.0
32670,2107.0,2140.0
32685,1798.0,1828.0
32700,1475.0,1502.0
32715,1150.0,1172.0
32730,832.0,854.0
32745,537.0,557.0
32760,287.0,308.0
32775,112.0,132.0
32790,25.8,45.0
32805,-4.59,13.3
32820,-14.2,0.0
32835,-13.8,0.0
32850,-13.4,0.0
32865,-13.4,0.0
32880,-13.5,0.0
32895,-13.5,0.0
32910,-13.4,0.0
32925,-13.4,0.0
32940,-13.5,0.0
32955,-13.4,0.0
32970,-13.5,0.0
32985,-13.5,0.0
33000,-13.6,0.0
33015,-13.6,0.0
33030,-13.6,0.0
33045,-13.5,0.0
33060,-13.6,0.0
33075,-13.6,0.0
33090,-13.5,0.0
33105,-13.5,0.0
33120,-13.6,0.0
33135,-13.6,0.0
33150,-13.8,0.0
33165,-13.8,0.0
33180,-13.8,0.0
33195,-13.8,0.0
33210,-13.8,0.0
33225,-13.8,0.0
33240,-13.9,0.0
33255,-13.9,0.0
33270,-13.6,0.0
33285,-13.4,0.0
33300,-13.2,0.0
33315,-13.1,0.0
33330,-13.1,0.0
33345,-13.1,0.0
33360,-12.8,0.0
33375,-12.4,0.0
33390,-12.4,0.0
33405,-12.4,0.0
33420,-12.3,0.0
33435,-12.3,0.0
33450,-12.4,0.0
33465,-12.4,0.0
33480,-12.3,0.0
33495,-12.7,0.0
33510,-12.9,0.0
33525,-12.9,0.0
33540,-3.15,11.4
33555,48.9,63.2
33570,112.0,127.0
33585,173.0,187.0
33600,252.0,267.0
33615,348.0,364.0
33630,569.0,585.0
33645,530.0,544.0
33660,537.0,550.0
33675,834.0,843.0
33690,857.0,872.0
33705,947.0,970.0
33720,876.0,893.0
33735,717.0,733.0
33750,724.0,736.0
33765,733.0,751.0
33780,1027.0,1038.0
33795,948.0,967.0
33810,872.0,887.0
33825,624.0,636.0
33840,679.0,697.0
33855,1064.0,1082.0
33870,1740.0,1755.0
33885,1350.0,1370.0
33900,1701.0,1717.0
33915,1604.0,1626.0
33930,1503.0,1524.0
33945,1692.0,1724.0
33960,960.0,979.0
33975,540.0,560.0
33990,478.0,497.0
34005,379.0,398.0
34020,530.0,548.0
34035,395.0,413.0
34050,468.0,488.0
34065,601.0,620.0
34080,402.0,419.0
34095,653.0,670.0
34110,651.0,671.0
34125,256.0,276.0
34140,355.0,373.0
34155,125.0,143.0
34170,60.9,79.6
34185,89.0,107.0
34200,72.6,90.3
34215,39.9,56.9
34230,-1.39,15.0
34245,-14.0,0.0
34260,-13.5,0.0
34275,-13.1,0.0
34290,-12.9,0.0
34305,-13.0,0.0
34320,-12.9,0.0
34335,-13.0,0.0
34350,-13.0,0.0
34365,-13.0,0.0
34380,-13.1,0.0
34395,-13.1,0.0
34410,-13.1,0.0
34425,-13.0,0.0
34440,-12.9,0.0
34455,-13.0,0.0
34470,-13.1,0.0
34485,-13.1,0.0
34500,-13.1,0.0
34515,-13.1,0.0
34530,-13.2,0.0
34545,-13.3,0.0
34560,-13.2,0.0
34575,-13.3,0.0
34590,-13.2,0.0
34605,-13.1,0.0
34620,-13.1,0.0
34635,-13.1,0.0
34650,-13.1,0.0
34665,-13.1,0.0
34680,-13.1,0.0
34695,-13.1,0.0
34710,-13.0,0.0
34725,-13.0,0.0
34740,-12.9,0.0
34755,-13.0,0.0
34770,-12.9,0.0
34785,-13.0,0.0
34800,-12.9,0.0
34815,-13.1,0.0
34830,-13.1,0.0
34845,-13.1,0.0
34860,-13.0,0.0
34875,-13.0,0.0
34890,-12.9,0.0
34905,-13.0,0.0
34920,-13.1,0.0
34935,-13.5,0.0
34950,-13.6,0.0
34965,0.237,12.9
34980,54.0,70.4
34995,54.3,71.6
35010,70.2,86.3
35025,59.7,76.1
35040,113.0,130.0
35055,129.0,145.0
35070,49.0,65.4
35085,87.2,103.0
35100,110.0,127.0
35115,253.0,269.0
35130,441.0,456.0
35145,763.0,781.0
35160,719.0,738.0
35175,687.0,710.0
35190,766.0,775.0
35205,1318.0,1315.0
35220,2879.0,3174.0
35235,3220.0,3187.0
35250,3482.0,3570.0
35265,3186.0,3163.0
35280,3975.0,4079.0
35295,3964.0,3945.0
35310,3912.0,3983.0
35325,4288.0,4347.0
35340,4197.0,4352.0
35355,4285.0,4352.0
35370,3278.0,3176.0
35385,2811.0,2884.0
35400,1456.0,1527.0
35415,1848.0,2093.0
35430,2805.0,2683.0
35445,2973.0,3164.0
35460,1777.0,1833.0
35475,2504.0,2590.0
35490,312.0,340.0
35505,129.0,153.0
35520,146.0,165.0
35535,472.0,491.0
35550,1628.0,1697.0
35565,1767.0,1795.0
35580,785.0,848.0
35595,1012.0,983.0
35610,986.0,1008.0
35625,423.0,442.0
35640,244.0,263.0
35655,87.7,107.0
35670,32.3,52.2
35685,-13.1,3.19
35700,-13.8,0.0
35715,-13.4,0.0
35730,-13.3,0.0
35745,-13.3,0.0
35760,-13.3,0.0
35775,-13.3,0.0
35790,-13.5,0.0
35805,-13.4,0.0
35820,-13.5,0.0
35835,-13.6,0.0
35850,-13.6,0.0
35865,-13.5,0.0
35880,-13.6,0.0
35895,-13.6,0.0
35910,-13.6,0.0
35925,-13.6,0.0
35940,-13.6,0.0
35955,-13.7,0.0
35970,-13.7,0.0
35985,-13.6,0.0
36000,-13.7,0.0
36015,-13.6,0.0
36030,-13.3,0.0
36045,-13.5,0.0
36060,-13.4,0.0
36075,-13.5,0.0
36090,-13.5,0.0
36105,-13.4,0.0
36120,-13.4,0.0
36135,-13.4,0.0
36150,-13.5,0.0
36165,-13.4,0.0
36180,-13.5,0.0
36195,-13.2,0.0
36210,-13.2,0.0
36225,-13.0,0.0
36240,-13.0,0.0
36255,-12.8,0.0
36270,-12.2,0.0
36285,-11.7,0.0
36300,-11.5,0.0
36315,-11.6,0.0
36330,-11.3,0.0
36345,-11.2,0.0
36360,-10.4,0.0
36375,-10.2,0.0
36390,-10.3,0.0
36405,0.33899999999999997,13.5
36420,32.8,45.6
36435,114.0,127.0
36450,441.0,453.0
36465,923.0,943.0
36480,1314.0,1335.0
36495,1428.0,1425.0
36510,1971.0,1955.0
36525,2343.0,2368.0
36540,2667.0,2691.0
36555,2977.0,3005.0
36570,3251.0,3281.0
36585,3497.0,3534.0
36600,3703.0,3747.0
36615,3898.0,3948.0
36630,4052.0,4105.0
36645,4206.0,4263.0
36660,4360.0,4419.0
36675,4498.0,4559.0
36690,4553.0,4619.0
36705,4584.0,4650.0
36720,4601.0,4667.0
36735,4605.0,4670.0
36750,4604.0,4671.0
36765,4598.0,4668.0
36780,4590.0,4653.0
36795,4574.0,4643.0
36810,4549.0,4612.0
36825,4206.0,4236.0
36840,3035.0,2962.0
36855,3395.0,3442.0
36870,3569.0,3649.0
36885,3650.0,3660.0
36900,3001.0,3215.0
36915,1707.0,1723.0
36930,1408.0,1439.0
36945,1669.0,1703.0
36960,1821.0,1778.0
36975,1629.0,1636.0
36990,1209.0,1180.0
37005,1532.0,1589.0
37020,1010.0,1098.0
37035,903.0,953.0
37050,500.0,524.0
37065,513.0,528.0
37080,274.0,289.0
37095,54.6,71.9
37110,-0.42100000000000004,16.2
37125,-13.6,0.23
37140,-13.5,0.0
37155,-13.2,0.0
37170,-13.0,0.0
37185,-13.1,0.0
37200,-13.1,0.0
37215,-13.1,0.0
37230,-13.1,0.0
37245,-13.4,0.0
37260,-13.6,0.0
37275,-13.5,0.0
37290,-13.6,0.0
37305,-13.4,0.0
37320,-13.4,0.0
37335,-13.4,0.0
37350,-13.4,0.0
37365,-13.4,0.0
37380,-13.5,0.0
37395,-13.4,0.0
37410,-12.9,0.0
37425,-12.3,0.0
37440,-12.1,0.0
37455,-12.0,0.0
37470,-11.9,0.0
37485,-11.9,0.0
37500,-11.7,0.0
37515,-11.5,0.0
37530,-11.2,0.0
37545,-11.2,0.0
37560,-11.3,0.0
37575,-11.3,0.0
37590,-11.2,0.0
37605,-10.8,0.0
37620,-10.7,0.0
37635,-9.98,0.0
37650,-9.75,0.0
37665,-9.71,0.0
37680,-9.72,0.0
37695,-9.66,0.0
37710,-9.62,0.0
37725,-9.65,0.0
37740,-9.65,0.0
37755,-9.65,0.0
37770,-9.61,0.0
37785,-9.6,0.0
37800,-9.67,0.0
37815,-10.0,0.0
37830,-10.2,0.0
37845,-2.37,10.0
37860,64.2,77.2
37875,67.8,81.1
37890,316.0,332.0
37905,603.0,611.0
37920,1408.0,1417.0
37935,1620.0,1619.0
37950,1534.0,1585.0
37965,1724.0,1635.0
37980,2296.0,2340.0
37995,2868.0,2883.0
38010,2918.0,2776.0
38025,2961.0,3021.0
38040,1616.0,1673.0
38055,1666.0,1693.0
38070,1401.0,1416.0
38085,1419.0,1433.0
38100,1418.0,1437.0
38115,1508.0,1526.0
38130,1768.0,1817.0
38145,1766.0,1792.0
38160,1364.0,1382.0
38175,1397.0,1415.0
38190,1581.0,1601.0
38205,1591.0,1608.0
38220,2065.0,2143.0
38235,1788.0,1821.0
38250,1863.0,1900.0
38265,1743.0,1761.0
38280,2795.0,2980.0
38295,2269.0,2275.0
38310,1981.0,2113.0
38325,2628.0,2653.0
38340,1839.0,1868.0
38355,3550.0,3446.0
38370,3220.0,3273.0
38385,2997.0,3035.0
38400,2671.0,2706.0
38415,2367.0,2398.0
38430,2070.0,2098.0
38445,1750.0,1776.0
38460,1404.0,1425.0
38475,1070.0,1089.0
38490,747.0,767.0
38505,458.0,473.0
38520,224.0,242.0
38535,67.3,86.0
38550,11.8,29.5
38565,-12.4,3.05
38580,-13.2,0.0
38595,-12.8,0.0
38610,-12.8,0.0
38625,-13.0,0.0
38640,-13.1,0.0
38655,-13.2,0.0
38670,-13.2,0.0
38685,-12.9,0.0
38700,-13.0,0.0
38715,-13.0,0.0
38730,-13.0,0.0
38745,-13.1,0.0
38760,-12.7,0.0
38775,-12.7,0.0
38790,-12.7,0.0
38805,-12.6,0.0
38820,-12.1,0.0
38835,-12.0,0.0
38850,-11.8,0.0
38865,-11.6,0.0
38880,-11.3,0.0
38895,-11.2,0.0
38910,-10.9,0.0
38925,-10.6,0.0
38940,-9.77,0.0
38955,-9.73,0.0
38970,-9.78,0.0
38985,-9.61,0.0
39000,-9.65,0.0
39015,-9.74,0.0
39030,-9.68,0.0
39045,-9.72,0.0
39060,-9.71,0.0
39075,-9.68,0.0
39090,-9.73,0.0
39105,-9.71,0.0
39120,-9.75,0.0
39135,-9.7,0.0
39150,-9.68,0.0
39165,-9.61,0.0
39180,-9.64,0.0
39195,-9.74,0.0
39210,-9.66,0.0
39225,-9.56,0.0
39240,-9.59,0.0
39255,-9.85,0.0
39270,-7.61,3.77
39285,20.2,33.6
39300,95.0,108.0
39315,252.0,263.0
39330,537.0,552.0
39345,835.0,848.0
39360,1203.0,1219.0
39375,1457.0,1475.0
39390,1711.0,1730.0
39405,2002.0,2008.0
39420,2205.0,2212.0
39435,2659.0,2683.0
39450,2875.0,2843.0
39465,2896.0,2961.0
39480,3360.0,3377.0
39495,3472.0,3519.0
39510,3173.0,3294.0
39525,3821.0,3814.0
39540,3762.0,3787.0
39555,3014.0,3089.0
39570,4014.0,4107.0
39585,4186.0,4241.0
39600,4206.0,4258.0
39615,3874.0,4127.0
39630,3817.0,3948.0
39645,3025.0,3107.0
39660,4261.0,4321.0
39675,4200.0,4267.0
39690,4122.0,4174.0
39705,4059.0,4127.0
39720,3958.0,4019.0
39735,3807.0,3862.0
39750,3682.0,3735.0
39765,3581.0,3636.0
39780,3155.0,3051.0
39795,2012.0,1934.0
39810,1746.0,1726.0
39825,1401.0,1437.0
39840,836.0,858.0
39855,848.0,866.0
39870,1169.0,1222.0
39885,1574.0,1628.0
39900,1045.0,1055.0
39915,800.0,830.0
39930,638.0,654.0
39945,404.0,420.0
39960,190.0,205.0
39975,75.8,91.9
39990,13.1,28.9
40005,-10.7,3.43
40020,-12.3,0.0
40035,-12.0,0.0
40050,-12.0,0.0
40065,-11.9,0.0
40080,-11.9,0.0
40095,-11.9,0.0
40110,-12.0,0.0
40125,-11.9,0.0
40140,-12.0,0.0
40155,-12.0,0.0
40170,-12.0,0.0
40185,-11.6,0.0
40200,-11.2,0.0
40215,-11.1,0.0
40230,-10.8,0.0
40245,-10.4,0.0
40260,-9.7,0.0
40275,-9.71,0.0
40290,-9.73,0.0
40305,-9.75,0.0
40320,-9.85,0.0
40335,-9.86,0.0
40350,-9.78,0.0
40365,-9.92,0.0
40380,-9.79,0.0
40395,-9.92,0.0
40410,-9.9,0.0
40425,-9.85,0.0
40440,-9.85,0.0
40455,-9.96,0.0
40470,-9.87,0.0
40485,-9.9,0.0
40500,-9.83,0.0
40515,-9.94,0.0
40530,-9.8,0.0
40545,-9.89,0.0
40560,-9.82,0.0
40575,-9.9,0.0
40590,-9.75,0.0
40605,-9.71,0.0
40620,-9.76,0.0
40635,-9.78,0.0
40650,-9.71,0.0
40665,-9.66,0.0
40680,-9.67,0.0
40695,-9.99,0.0
40710,-10.2,0.0
40725,-9.45,1.91
40740,44.0,58.2
40755,147.0,161.0
40770,245.0,257.0
40785,433.0,447.0
40800,339.0,352.0
40815,299.0,311.0
40830,390.0,402.0
40845,460.0,473.0
40860,710.0,717.0
40875,609.0,623.0
40890,913.0,930.0
40905,1225.0,1247.0
40920,1868.0,1899.0
40935,1022.0,1028.0
40950,831.0,845.0
40965,1393.0,1417.0
40980,1737.0,1753.0
40995,1334.0,1387.0
41010,973.0,986.0
41025,996.0,1008.0
41040,1133.0,1146.0
41055,805.0,816.0
41070,618.0,631.0
41085,476.0,489.0
41100,533.0,548.0
41115,659.0,670.0
41130,849.0,861.0
41145,686.0,700.0
41160,743.0,756.0
41175,638.0,652.0
41190,685.0,700.0
41205,591.0,603.0
41220,537.0,551.0
41235,574.0,583.0
41250,441.0,455.0
41265,374.0,389.0
41280,480.0,494.0
41295,438.0,453.0
41310,301.0,314.0
41325,171.0,185.0
41340,182.0,197.0
41355,147.0,161.0
41370,131.0,146.0
41385,75.2,89.4
41400,50.2,63.4
41415,16.1,29.8
41430,-9.9,2.15
41445,-10.1,0.0
41460,-9.92,0.0
41475,-9.57,0.0
41490,-9.57,0.0
41505,-9.6,0.0
41520,-9.54,0.0
41535,-9.52,0.0
41550,-9.52,0.0
41565,-9.53,0.0
41580,-9.64,0.0
41595,-9.57,0.0
41610,-9.65,0.0
41625,-9.63,0.0
41640,-9.69,0.0
41655,-9.57,0.0
41670,-9.58,0.0
41685,-9.6,0.0
41700,-9.57,0.0
41715,-9.61,0.0
41730,-9.55,0.0
41745,-9.62,0.0
41760,-9.7,0.0
41775,-9.78,0.0
41790,-9.74,0.0
41805,-9.66,0.0
41820,-9.69,0.0
41835,-9.72,0.0
41850,-9.61,0.0
41865,-9.7,0.0
41880,-9.73,0.0
41895,-9.71,0.0
41910,-9.61,0.0
41925,-9.69,0.0
41940,-9.75,0.0
41955,-9.59,0.0
41970,-9.67,0.0
41985,-9.72,0.0
42000,-9.63,0.0
42015,-9.62,0.0
42030,-9.56,0.0
42045,-9.57,0.0
42060,-9.61,0.0
42075,-9.51,0.0
42090,-9.57,0.0
42105,-9.51,0.0
42120,-9.52,0.0
42135,-9.87,0.0
42150,-10.1,0.0
42165,6.22,20.1
42180,81.4,95.0
42195,237.0,251.0
42210,452.0,468.0
42225,564.0,560.0
42240,1050.0,1057.0
42255,1353.0,1350.0
42270,1560.0,1508.0
42285,1968.0,1988.0
42300,2261.0,2283.0
42315,2543.0,2573.0
42330,2776.0,2809.0
42345,3025.0,3059.0
42360,3236.0,3274.0
42375,3417.0,3464.0
42390,3613.0,3652.0
42405,3799.0,3846.0
42420,3682.0,3768.0
42435,3953.0,4016.0
42450,4030.0,4089.0
42465,4087.0,4151.0
42480,4113.0,4177.0
42495,4120.0,4183.0
42510,4125.0,4187.0
42525,4125.0,4188.0
42540,4118.0,4182.0
42555,3839.0,3888.0
42570,3665.0,3784.0
42585,3870.0,3867.0
42600,3948.0,4154.0
42615,3106.0,3276.0
42630,2183.0,2262.0
42645,2926.0,3049.0
42660,2340.0,2415.0
42675,1541.0,1656.0
42690,2144.0,2177.0
42705,2024.0,2021.0
42720,1850.0,1908.0
42735,837.0,879.0
42750,545.0,576.0
42765,655.0,741.0
42780,655.0,680.0
42795,877.0,926.0
42810,436.0,451.0
42825,248.0,274.0
42840,151.0,171.0
42855,43.5,67.8
42870,-2.03,16.8
42885,-14.5,0.17
42900,-13.9,0.0
42915,-13.4,0.0
42930,-13.2,0.0
42945,-13.2,0.0
42960,-13.2,0.0
42975,-13.2,0.0
42990,-13.2,0.0
43005,-13.3,0.0
43020,-13.2,0.0
43035,-13.3,0.0
43050,-13.3,0.0
43065,-13.2,0.0
43080,-13.3,0.0
43095,-13.4,0.0
43110,-13.3,0.0
43125,-13.2,0.0
43140,-13.4,0.0
43155,-13.3,0.0
43170,-13.4,0.0
43185,-13.5,0.0
