time,temp,prec
0,-8,0
1,-10,0
2,-11,0
3,-12,0
4,-12,0
5,-14,0
6,-15,0
7,-14,0
8,-13,0
9,-11,0
10,-9,0
11,-7,0
12,-5,0
13,-5,0
14,-4,0
15,-5,0
16,-8,0
17,-10,0
18,-9,0
19,-11,0
20,-11,0
21,-12,0
22,-13,0
23,-12.5,0
24,-14,0
25,-14,0
26,-14,0
27,-15,0
28,-15,0
29,-15,0
30,-14,0
31,-13,0
32,-10,0
33,-8,0
34,-4,0
35,-2,0
36,2,0
37,3,0
38,4,0
39,4,0
40,-1,0
41,-3,0
42,-1,0
43,-3,0
44,3,0
45,6,0
46,4,0
47,7.25,0
48,8,0
49,10,0
50,11,0
51,12,0
52,14,0
53,16,0
54,16,0
55,17,0
56,18,0
57,19,0
58,19,0
59,19,0
60,18,0
61,17,0
62,15,0
63,14.3333333333333,0
64,11,0
65,8.5,0
66,6,0
67,5.5,0
68,4,0
69,-1,0
70,-3,0
71,-2.25,0
72,-3,0
73,-3,0
74,-4,0
75,-6,0
76,-8,0
77,-8,0
78,-10,0
79,-8,0
80,-5,0
81,-1,0
82,2,0
83,6,0
84,5,0
85,7,0
86,13,0
87,5,0
88,2,0
89,4,0
90,5,0
91,5,0
92,6,0
93,6,0
94,6,0
95,7,0
96,7,0
97,7,0
98,8,0
99,8,0
100,8,0
101,8,0
102,8,0
103,8,0
104,5,0
105,5,0
106,5,0
107,7,0
108,8,0
109,8,0
110,7,0
111,5,0
112,1,0
113,-1,0
114,-4,0
115,-4,0
116,-5,0
117,-6,0
118,-8,0
119,-10,0
120,-10,0
121,-9,0
122,-9,0
123,-10,0
124,-11,0
125,-9,0
126,-13,0
127,-11,0
128,-9,0
129,-5,0
130,-1,0
131,4,0
132,6,0
133,7,0
134,8,0
135,8,0
136,2,0
137,-1,0
138,-3,0
139,-2,0
140,-3,0
141,-3,0
142,2,0
143,6,0
144,9,0
145,12,0
146,15,0
147,16,0
148,17,0
149,18,0
150,19,0
151,19,0
152,20,0
153,22,0
154,25,0
155,28,0
156,30,0
157,32,0
158,33,0
159,34,0
160,33,0
161,34,0.004
162,34,0.01
163,34,0.018
164,34,0.03
165,33,0.02
166,33.3333333333333,0.01
167,33,0.009666666666667
168,33,0.0065
169,33.3333333333333,0.003
170,34,0.0005
171,34,0
172,34,0
173,34,0
174,33.3333333333333,0
175,33,0
176,33,0
177,33,0
178,33,0
179,33.3333333333333,0
180,33,0
181,33.5,0
182,32,0
183,32,0
184,31.25,0
185,30,0
186,30,0
187,29.5,0
188,28.75,0
189,29,0
190,29,0
191,28.6666666666667,0
192,28.6666666666667,0
193,29,0
194,29,0
195,28,0
196,28,0
197,28.5,0
198,29,0
199,32,0
200,35,0
201,45.5,0
202,43,0
203,29.6,0
204,30,0
205,30,0
206,30,0
207,30,0
208,30,0
209,32,0
210,32,0
211,32,0
212,32,0
213,32,0
214,32.7142857142857,0
215,33.6071428571429,0
216,34.1428571428571,0
217,34.5,0
218,35.2142857142857,0
219,35.9285714285714,0
220,36.2857142857143,0
221,36.6428571428571,0
222,37,0
223,37,0
224,41,0
225,41,0
226,46,0
227,48,0
228,48,0
229,49.6,0
230,51.5,0
231,51.3333333333333,0
232,51,0
233,51.5,0
234,51.5,0
235,52,0
236,53,0
237,53,0
238,53,0
239,54,0
240,54,0
241,53,0
242,54,0
243,54,0
244,55,0
245,56,0
246,55.5,0.0075
247,55.3333333333333,0.046666666666667
248,55.6666666666667,0.01
249,57,0.025
250,57.75,0.01
251,58,0.007142857142857
252,58,0.004285714285714
253,58,0.002857142857143
254,58.5,0.000714285714286
255,58.6666666666667,0
256,57,0.03
257,46.8,0.053
258,36,0.063333333333333
259,30.6666666666667,0.05
260,28,0.036666666666667
261,24,0.03
262,21,0.023333333333333
263,19,0.012
264,17,0.008333333333333
265,15,0.007333333333333
266,15,0.006333333333333
267,16,0.005333333333333
268,17.5,0.004333333333333
269,17.3333333333333,0.002666666666667
270,19,0.001333333333333
271,19,0.000666666666667
272,19,0
273,20,0
274,21,0
275,22.5,0
276,23,0
277,23,0
278,23,0
279,22,0
280,21,0
281,21,0
282,20,0
283,20,0
284,20,0
285,18,0
286,17.5,0
287,16.1666666666667,0
288,15,0
289,14,0
290,13,0
291,12,0
292,11,0
293,10,0
294,9,0
295,9,0
296,11,0
297,13,0
298,16,0
299,17,0
300,18,0
301,19,0
302,19,0
303,19,0
304,15,0
305,12,0
306,10,0
307,9,0
308,8,0
309,8,0
310,7,0
311,7,0
312,7,0
313,6,0
314,5,0
315,6,0
316,4,0
317,3,0
318,3,0
319,7,0
320,12,0
321,17,0
322,20,0
323,21,0
324,22,0
325,22,0
326,22,0
327,21,0
328,20,0.000666666666667
329,19,0.001333333333333
330,18,0.003
331,17.25,0.005666666666667
332,17,0.007333333333333
333,17.3333333333333,0.008666666666667
334,18,0.01
335,18,0.01
336,18,0.01
337,19,0.01
338,19,0.01
339,19,0.01
340,19.75,0.01
341,20,0.007142857142857
342,21,0.004285714285714
343,21.5,0.002142857142857
344,24,0
345,26,0
346,19.4,0
347,14.6666666666667,0
348,13,0
349,13,0
350,12.6666666666667,0
351,10.5,0
352,9,0
353,6.6,0
354,5,0
355,5,0
356,3,0
357,1,0
358,-0.5,0
359,-1.25,0
360,-2,0
361,-3,0
362,-4,0
363,-4,0
364,-4,0
365,-5,0
366,-2.5,0
367,-1,0
368,-0.5,0
369,0.4,0
370,1.5,0
371,4,0
372,5,0
373,6,0
374,6.66666666666667,0
375,7.5,0
376,7.25,0
377,3,0
378,4,0
379,1,0
380,0,0
381,1,0
382,1,0
383,-0.25,0
384,-1,0
385,-2,0
386,-2,0
387,-1,0
388,-4,0
389,-4,0
390,-4,0
391,-4,0
392,0,0
393,3,0
394,7,0
395,8.5,0
396,12,0
397,14,0
398,16,0
399,16,0
400,15,0
401,14,0
402,13,0
403,13,0
404,13,0
405,14,0
406,14,0
407,14,0
408,14,0
409,12,0
410,13,0
411,13,0
412,14,0
413,13,0
414,13,0
415,14,0
416,16,0
417,20,0
418,24,0
419,26,0
420,29,0
421,30,0
422,30,0
423,30,0
424,28,0
425,27,0
426,24,0
427,23,0
428,25,0
429,24,0
430,23,0
431,20.75,0
432,20,0
433,21,0
434,21,0
435,21,0
436,20,0
437,21,0
438,21,0
439,23,0
440,26,0
441,29,0
442,32,0
443,34,0
444,36,0
445,37,0
446,38,0
447,37,0
448,35,0
449,35,0
450,34,0
451,34,0
452,33,0
453,33,0
454,33,0
455,32,0
456,32,0
457,32,0
458,30,0
459,30,0
460,30,0
461,28,0
462,29,0
463,30,0
464,34,0
465,37,0
466,38.5,0
467,39,0
468,40.5,0
469,41.5,0
470,40,0
471,39,0
472,39,0
473,39,0
474,39,0
475,39.5,0
476,40,0
477,39.6666666666667,0
478,39,0
479,39,0
480,39,0
481,39.4,0
482,38,0
483,39,0
484,40,0
485,40.5,0
486,41,0
487,40,0
488,42,0
489,44,0
490,47,0
491,48.3333333333333,0
492,50,0
493,50,0
494,51,0
495,50.3333333333333,0
496,49.5,0
497,48.3333333333333,0
498,47,0
499,47,0
500,47.5,0.0075
501,48.5,0.0625
502,49,0.025
503,49.1666666666667,0.031666666666667
504,50,0.045
505,50,0
506,51,0
507,51,0
508,51,0
509,49.2,0.131
510,49.5,0.025
511,48.6666666666667,0.006666666666667
512,50,0
513,51,0
514,51.5,0
515,52,0
516,52,0
517,54,0
518,55,0
519,54.5,0
520,51,0
521,45,0
522,42,0
523,41,0
524,37,0
525,37,0
526,37,0
527,37.6666666666667,0.01
528,37.3333333333333,0.01
529,34.5,0.02
530,33.6666666666667,0.016
531,33,0.011
532,33.25,0.006428571428571
533,33,0.002857142857143
534,33.5,0.000714285714286
535,34.5,0
536,36,0
537,35.75,0
538,35.4,0
539,34.875,0.006666666666667
540,33,0.005833333333333
541,32.3333333333333,0.001666666666667
542,32,0
543,32,0
544,32,0
545,32,0
546,32,0
547,31,0
548,31,0
549,30,0
550,30,0
551,29.25,0
552,30,0
553,29,0
554,29,0
555,28,0
556,28,0
557,28,0
558,27,0
559,28,0
560,28,0
561,28,0
562,28,0
563,28,0
564,29,0
565,29,0
566,29,0
567,29,0
568,28.5,0
569,27,0
570,24,0
571,23,0
572,23,0
573,25,0
574,25,0
575,26,0
576,26,0
577,27,0
578,26,0
579,26,0
580,27,0
581,27,0
582,26,0
583,28,0
584,32,0
585,35,0
586,38,0
587,42,0
588,45,0
589,46,0
590,47,0
591,46,0
592,42,0
593,38,0
594,38,0
595,40,0
596,40,0
597,38,0
598,37,0
599,37,0
600,37,0
601,37,0
602,37,0
603,35,0
604,34,0
605,34,0
606,34,0
607,36,0
608,39,0
609,42,0
610,47,0
611,50,0
612,52,0
613,51,0
614,50,0
615,50,0
616,49,0
617,48,0
618,48,0
619,47,0
620,46,0
621,46,0
622,46,0
623,44.75,0
624,44,0
625,46,0
626,46,0
627,45,0
628,46,0
629,46,0
630,46,0
631,47,0
632,47,0
633,47.6666666666667,0
634,48,0
635,49,0
636,50,0
637,51,0
638,51,0
639,50,0
640,44,0
641,40,0
642,37,0
643,36,0
644,32,0
645,31,0
646,31,0
647,29.75,0
648,29,0
649,30,0
650,30,0
651,33,0
652,31,0
653,30,0
654,30,0
655,31,0
656,35,0
657,39,0
658,43,0
659,48,0
660,49,0
661,49,0
662,50,0
663,49,0
664,43,0
665,38,0
666,37,0
667,35,0
668,33,0
669,31,0
670,30,0
671,30,0
672,30,0
673,30,0
674,30,0
675,30,0
676,30,0
677,30,0
678,29,0
679,28.25,0
680,28,0
681,29,0
682,29,0
683,29,0
684,29,0
685,29,0
686,28,0
687,27.5,0
688,26.5,0
689,25.6666666666667,0
690,25,0
691,24.5,0
692,19,0
693,19,0
694,17,0
695,17,0
696,17,0
697,15,0
698,14,0
699,14,0
700,13,0
701,14,0
702,13,0
703,16,0
704,21,0
705,23,0
706,25,0
707,27,0
708,29,0
709,31,0
710,31,0
711,32,0
712,30,0
713,30,0
714,30,0
715,30,0
716,30,0
717,30,0
718,30,0
719,30,0
720,30,0
721,30,0
722,30,0
723,30,0
724,31,0
725,31,0
726,31,0
727,33,0
728,35,0
729,38,0
730,39,0
731,41,0
732,43,0
733,44,0
734,46,0
735,45,0
736,42,0
737,39,0
738,37,0
739,37,0
740,36,0
741,34,0
742,34,0
743,32.3333333333333,0
744,31,0
745,33,0
746,31,0
747,33,0
748,33,0
749,33,0
750,34,0
751,33,0
752,29,0
753,26,0
754,25,0
755,25,0
756,24,0
757,23,0
758,23,0
759,23,0
760,21,0
761,18,0
762,16,0
763,15,0
764,13,0
765,13,0
766,12,0
767,10.75,0
768,10,0
769,10,0
770,9,0
771,8,0
772,6,0
773,6,0
774,5,0
775,7,0
776,9,0
777,12,0
778,14,0
779,16,0
780,18,0
781,19,0
782,21,0
783,22,0
784,21,0
785,20,0
786,21,0
787,21,0
788,21,0
789,22,0
790,22,0
791,22.25,0
792,23,0
793,23,0
794,23,0
795,23,0
796,24,0
797,25,0
798,25,0
799,26,0
800,28,0
801,32,0
802,36,0
803,39,0
804,38,0
805,38,0
806,37,0
807,34,0
808,34,0
809,33,0
810,34,0
811,35,0
812,35,0
813,34,0
814,36,0
815,36,0
816,36,0
817,35,0
818,36,0.002
819,32.4,0.0096
820,32,0.012
821,32,0.0025
822,33,0
823,33,0
824,34,0
825,27.4,0
826,22,0
827,22,0
828,20,0
829,18.5,0
830,18,0
831,16.6,0
832,15.5,0
833,13.4,0
834,12,0
835,10,0
836,9,0
837,8,0
838,7,0
839,2.75,0
840,2,0
841,-3,0
842,-2,0
843,-6,0
844,-8,0
845,-7,0
846,-8,0
847,-4,0
848,4,0
849,7,0
850,9,0
851,10.5,0
852,13,0
853,15,0
854,18,0
855,19,0
856,19,0
857,20,0
858,20,0.003333333333333
859,19.2,0.024333333333333
860,19.5,0.03625
861,20,0.015
862,20,0.01
863,17.1666666666667,0.006666666666667
864,15.6666666666667,0.001666666666667
865,15,0
866,6.5,0
867,4,0
868,2,0
869,0.25,0
870,0,0
871,3,0
872,6,0
873,11,0
874,15,0
875,15,0
876,15,0
877,15,0
878,15,0
879,15,0
880,16,0
881,15,0
882,14,0
883,14,0
884,14,0
885,15,0
886,16,0
887,16,0
888,16,0
889,16,0
890,17.5,0
891,17,0
892,17,0
893,16,0
894,16,0
895,15,0
896,14,0
897,17,0
898,19,0
899,19,0
900,20,0
901,21,0
902,21,0
903,20,0
904,18,0
905,15.5,0
906,10.5,0
907,9,0
908,9,0
909,8,0
910,9,0
911,6.5,0
912,2,0
913,5,0
914,8,0
915,10,0
916,11,0
917,12,0
918,13,0
919,14,0
920,16,0
921,18,0
922,20,0
923,22,0
924,25,0
925,27,0
926,30,0
927,28,0
928,30,0
929,29,0
930,30,0
931,30,0
932,30,0
933,31,0
934,30,0
935,31.25,0
936,32,0
937,32,0
938,33,0
939,32,0
940,33,0
941,33,0
942,33,0
943,33,0
944,35,0
945,36,0
946,40,0
947,46,0
948,46,0
949,43,0
950,38,0
951,34,0
952,32.5,0
953,31,0
954,28.6666666666667,0
955,29,0
956,29,0
957,28,0
958,28,0
959,28,0
960,28,0
961,28,0
962,27,0
963,27,0
964,25,0
965,24,0
966,23,0
967,24.2,0
968,23,0
969,21.3333333333333,0
970,23,0
971,23,0
972,23,0
973,23,0
974,24,0
975,24,0
976,23.3333333333333,0.003333333333333
977,23,0.00875
978,23,0.007142857142857
979,24,0.004285714285714
980,25,0.001428571428571
981,25,0
982,25,0
983,24.75,0.001666666666667
984,24,0.006666666666667
985,25,0.013333333333333
986,24.5,0.025
987,24.4,0.017
988,24.4,0.007857142857143
989,25,0.005714285714286
990,23.3333333333333,0.004285714285714
991,21,0.002142857142857
992,20,0.000357142857143
993,21,0
994,23,0
995,24,0
996,24,0
997,24,0
998,24.3333333333333,0
999,24,0
1000,24.3333333333333,0
1001,22,0
1002,21,0
1003,20,0
1004,20,0
1005,18,0
1006,15,0
1007,12.75,0
1008,12,0
1009,11,0
1010,12,0
1011,11,0
1012,11,0
1013,11,0
1014,10,0
1015,14,0
1016,18,0
1017,21,0
1018,24,0
1019,27,0
1020,29,0
1021,30,0
1022,32,0
1023,31,0
1024,29,0
1025,26,0
1026,25,0
1027,23,0
1028,22,0
1029,22,0
1030,21,0
1031,19.75,0
1032,19,0
1033,20,0
1034,19,0
1035,18,0
1036,19,0
1037,19,0
1038,20,0
1039,23,0
1040,27,0
1041,31,0
1042,34,0
1043,35,0
1044,38,0
1045,39,0
1046,40,0
1047,39,0
1048,39,0
1049,38,0
1050,33,0
1051,35,0
1052,33,0
1053,32,0
1054,31,0
1055,31.25,0
1056,32,0
1057,32,0
1058,31,0
1059,32,0
1060,35,0
1061,36,0
1062,36.5,0
1063,37,0
1064,38,0
1065,39.5,0
1066,41,0
1067,43,0
1068,45,0
1069,47.5,0
1070,48,0
1071,48,0
1072,48,0
1073,47,0
1074,47,0
1075,48,0
1076,49.6666666666667,0
1077,50,0
1078,51,0
1079,51.1666666666667,0
1080,51.5,0
1081,50.3333333333333,0
1082,50,0
1083,47.5,0
1084,47.6666666666667,0
1085,48.25,0
1086,51.25,0
1087,51.25,0.055
1088,54,0.018333333333333
1089,56,0.01
1090,57.5,0.01
1091,58,0.01
1092,61,0.01
1093,60,0.01
1094,61,0.005
1095,61,0
1096,59,0
1097,54,0
1098,53,0
1099,50,0
1100,46,0
1101,44.6666666666667,0
1102,42,0.005
1103,40.5,0.0075
1104,39,0
1105,38,0
1106,37,0
1107,37,0
1108,36,0
1109,35.5,0
1110,35,0
1111,35,0
1112,34,0
1113,34,0
1114,35,0
1115,35,0
1116,34,0
1117,36,0
1118,39,0
1119,35,0
1120,32,0
1121,29,0
1122,28,0
1123,26,0
1124,24,0
1125,23,0
1126,22,0
1127,23,0
1128,23,0
1129,23,0
1130,22,0
1131,23,0
1132,25,0
1133,26,0
1134,27,0
1135,28,0
1136,30,0
1137,31,0
1138,32,0.001363636363636
1139,32,0.004090909090909
1140,32,0.006818181818182
1141,33,0.009318181818182
1142,33,0.02
1143,33,0.01
1144,33.6666666666667,0.006
1145,35.5,0.001
1146,34,0
1147,33.5,0
1148,32,0
1149,30,0
1150,29,0
1151,27.75,0
1152,27,0
1153,25,0
1154,23,0
1155,23,0
1156,21,0
1157,24,0
1158,25,0
1159,28,0
1160,31,0
1161,33,0
1162,36,0
1163,40,0
1164,43,0
1165,45,0
1166,45,0
1167,45,0
1168,43,0
1169,38,0
1170,37,0
1171,38,0
1172,41,0
1173,42,0
1174,43,0
1175,43.5,0.001666666666667
1176,44.5,0.008333333333333
1177,44.3333333333333,0.01
1178,45,0.035
1179,45,0.06
1180,45,0.093
1181,46,0.016666666666667
1182,48,0.127916666666667
1183,50.5555555555556,0.306666666666667
1184,49.6666666666667,0.063333333333333
1185,55.1428571428571,0.071428571428572
1186,57.5,0.0275
1187,60,0.02
1188,59.3333333333333,0.04
1189,60,0.06
1190,59,0.0675
1191,59,0.24
1192,59,0.03
1193,59,0.02
1194,60,0
1195,61,0
1196,61,0
1197,61,0
1198,61,0.03
1199,60.75,0.0475
1200,60,0.01
1201,61,0.01
1202,61,0
1203,62,0
1204,62,0
1205,61,0.033333333333333
1206,61,0.083333333333333
1207,62.25,0.1
1208,62.75,0.05125
1209,62.5,0.075
1210,63,0.035
1211,63.5,0.02
1212,65,0.02
1213,65,0.01
1214,65,0.03
1215,57.4285714285714,0.141428571428571
1216,56,0.2
1217,56.6666666666667,0.21
1218,54.5,0.1425
1219,46.2857142857143,0.144285714285714
1220,41,0.256666666666667
1221,39.3333333333333,0.256666666666667
1222,37.5,0.13
1223,34.75,0.09
1224,34,0.09
1225,33,0.15
1226,32.3333333333333,0.048333333333333
1227,32,0.065
1228,32,0.0275
1229,31,0.01
1230,31,0.005
1231,31,0
1232,32,0
1233,32,0
1234,33,0
1235,33,0
1236,33,0
1237,33,0
1238,34,0
1239,34,0
1240,34,0
1241,33,0
1242,32,0
1243,32,0
1244,32,0
1245,32,0
1246,32,0
1247,32.3333333333333,0
1248,32.6666666666667,0
1249,33,0
1250,33,0
1251,33,0
1252,33.6666666666667,0.02
1253,34,0.0175
1254,34.5,0.014
1255,36,0.006
1256,38,0
1257,38.5,0
1258,41,0
1259,42.5,0
1260,43,0
1261,43,0
1262,44,0
1263,43.6666666666667,0
1264,43,0
1265,42.5,0
1266,42.3333333333333,0
1267,42,0
1268,42,0
1269,42.3333333333333,0
1270,42,0
1271,43,0
1272,43,0
1273,44,0
1274,44.3333333333333,0
1275,44,0.031666666666667
1276,44.3333333333333,0.023333333333333
1277,45,0.01
1278,45,0
1279,45,0
1280,46,0
1281,46,0
1282,45,0
1283,44.3333333333333,0
1284,44,0
1285,44,0
1286,44,0
1287,43,0
1288,41,0
1289,40,0
1290,39,0
1291,38.5,0
1292,38,0
1293,38,0
1294,38,0
1295,37,0.001666666666667
1296,37,0.008333333333333
1297,37,0.06
1298,37,0.025
1299,37,0.0175
1300,37,0.01
1301,37,0.01
1302,37,0.01
1303,38,0.02
1304,38.5,0.008333333333333
1305,40,0.001666666666667
1306,43,0
1307,44.5,0
1308,45.6666666666667,0
1309,47,0
1310,48.5,0
1311,48.5,0
1312,49,0
1313,50,0.03
1314,50,0.05
1315,51,0
1316,51,0
1317,53,0
1318,54.5,0.005
1319,48.5,0.009333333333333
1320,45.5,0.001666666666667
1321,39,0
1322,36,0
1323,35,0
1324,33.5,0
1325,33,0
1326,34,0
1327,34,0
1328,36,0
1329,38,0
1330,39,0
1331,42,0
1332,44,0
1333,45,0
1334,46,0
1335,46,0
1336,45,0
1337,40,0
1338,38,0
1339,37,0
1340,35,0
1341,35,0
1342,32,0
1343,33,0
1344,33,0
1345,33,0
1346,33,0
1347,31,0
1348,30,0
1349,31,0
1350,30,0
1351,35,0
1352,40,0
1353,45,0
1354,49,0
1355,51,0
1356,52,0
1357,53,0
1358,53,0
1359,53,0
1360,51,0
1361,45,0
1362,42,0
1363,42,0
1364,41,0
1365,40,0
1366,40,0
1367,39.25,0
1368,37,0
1369,38,0
1370,37,0
1371,36,0
1372,37,0
1373,36,0
1374,39,0
1375,43,0
1376,47,0
1377,53,0
1378,56,0
1379,59,0
1380,60,0
1381,61,0
1382,62,0
1383,62,0
1384,56,0
1385,54,0
1386,52,0
1387,50,0
1388,51,0
1389,50,0
1390,49,0
1391,47,0
1392,47,0
1393,47,0.015
1394,46.5,0.035
1395,48,0.02
1396,47,0
1397,48,0
1398,46.5,0
1399,49,0
1400,51,0
1401,51.6666666666667,0
1402,54,0
1403,54,0
1404,54,0.001111111111111
1405,54,0.008333333333333
1406,53,0.01
1407,53,0.003333333333333
1408,52.5,0
1409,52,0
1410,52,0
1411,52,0
1412,51.5,0
1413,51,0
1414,51,0
1415,51,0.02
1416,51,0.08
1417,50,0
1418,48.5,0
1419,48.75,0.04
1420,48.5,0.1125
1421,47,0.018333333333333
1422,47,0.014444444444445
1423,43.6666666666667,0.023333333333333
1424,42,0.02
1425,42.6666666666667,0.03
1426,46.5,0.009
1427,44.25,0.003
1428,42,0
1429,43,0
1430,42.5,0
1431,42,0
1432,41,0
1433,40.6666666666667,0
1434,37,0
1435,36,0
1436,35,0
1437,34,0
1438,32,0
1439,34,0
1440,34,0
1441,32,0
1442,33,0
1443,32,0
1444,30,0
1445,29,0
1446,30,0
1447,35,0
1448,38,0
1449,40,0
1450,42,0
1451,44,0
1452,47,0
1453,48,0
1454,47,0
1455,48,0
1456,46,0
1457,40,0
1458,39,0
1459,38,0
1460,37,0
1461,35,0
1462,33,0
1463,32,0
1464,32,0
1465,30,0
1466,29,0
1467,30,0
1468,28,0
1469,29,0
1470,30,0
1471,34,0
1472,37,0
1473,41,0
1474,44,0
1475,46,0
1476,48,0
1477,50,0
1478,50,0
1479,49,0
1480,48,0
1481,42,0
1482,38,0
1483,37,0
1484,37,0
1485,37,0
1486,36,0
1487,33.5,0
1488,32,0
1489,32,0
1490,31,0
1491,31,0
1492,30,0
1493,30,0
1494,30,0
1495,34,0
1496,37,0
1497,41,0
1498,45,0
1499,48,0
1500,51,0
1501,52,0
1502,53,0
1503,53,0
1504,50,0
1505,44,0
1506,41,0
1507,40,0
1508,38,0
1509,37,0
1510,38,0
1511,37.75,0
1512,37,0
1513,36,0
1514,36,0
1515,35,0
1516,35,0
1517,35,0
1518,35,0
1519,36,0
1520,36,0
1521,39,0
1522,39,0
1523,39,0.003333333333333
1524,39,0.006666666666667
1525,40,0.01
1526,41,0.01
1527,41,0.01
1528,39.5,0.015
1529,39,0.04
1530,39,0.07
1531,39.3333333333333,0.013333333333333
1532,40,0.01
1533,37.5,0.0025
1534,34,0
1535,31.5,0
1536,30,0
1537,30,0
1538,30,0
1539,30,0
1540,30,0
1541,31,0
1542,32,0
1543,35,0
1544,40,0
1545,44,0
1546,45,0
1547,43,0
1548,42,0
1549,40,0.001666666666667
1550,38,0.005
1551,33.875,0.013541666666667
1552,33.8571428571429,0.018571428571429
1553,33,0.01
1554,33,0
1555,31,0
1556,31,0
1557,30.6666666666667,0
1558,30.5,0
1559,31.75,0
1560,33,0
1561,33,0
1562,31.5,0
1563,31,0
1564,30,0
1565,29,0
1566,29.5,0
1567,31,0
1568,32,0
1569,32.75,0
1570,34,0
1571,36,0
1572,35,0
1573,35,0
1574,34,0
1575,32,0
1576,33,0
1577,32,0
1578,30.6666666666667,0
1579,30.5,0
1580,29,0
1581,30,0
1582,29,0
1583,27.25,0
1584,25,0
1585,25,0
1586,24,0
1587,23,0
1588,24.5,0
1589,22,0
1590,22,0
1591,23,0
1592,26,0
1593,28,0
1594,28,0
1595,29,0
1596,30,0
1597,31,0
1598,33,0
1599,33,0
1600,32,0
1601,31,0
1602,29,0
1603,27,0
1604,29,0
1605,29,0
1606,25,0
1607,24.25,0
1608,25,0
1609,22,0
1610,23,0
1611,22,0
1612,22,0
1613,22,0
1614,23,0
1615,27,0
1616,30,0
1617,33,0
1618,34,0
1619,37,0
1620,39,0
1621,40,0
1622,42,0
1623,41,0
1624,40,0
1625,37,0
1626,37,0
1627,37,0
1628,36,0
1629,33,0
1630,32,0
1631,33,0
1632,33,0
1633,31,0
1634,31,0
1635,29,0
1636,29,0
1637,28,0
1638,29,0
1639,33,0
1640,36,0
1641,39,0
1642,42,0
1643,43,0
1644,46,0
1645,46,0
1646,44,0
1647,44,0
1648,43,0
1649,40,0
1650,38,0
1651,37,0
1652,35,0
1653,34,0
1654,34,0
1655,33,0
1656,33,0
1657,32,0
1658,32,0
1659,32,0
1660,32,0
1661,32,0
1662,32,0
1663,34,0
1664,34,0
1665,37,0
1666,38,0
1667,38,0
1668,40,0
1669,41,0
1670,41,0
1671,41,0
1672,41,0
1673,38,0
1674,35,0
1675,32,0
1676,32,0
1677,30,0
1678,29,0
1679,25,0
1680,25,0
1681,24,0
1682,25,0
1683,26,0
1684,28,0
1685,31,0
1686,32,0
1687,33,0
1688,34,0
1689,34.5,0
1690,36,0
1691,38.6666666666667,0
1692,40,0
1693,42,0
1694,46,0
1695,45,0
1696,43,0
1697,40,0
1698,36,0
1699,33,0
1700,34,0
1701,34,0
1702,31,0
1703,28.25,0
1704,29,0
1705,28,0
1706,25,0
1707,25,0
1708,24,0
1709,24,0
1710,26,0
1711,31,0
1712,36,0
1713,38,0
1714,39,0
1715,42,0
1716,40,0
1717,39,0
1718,40,0
1719,37,0
1720,35,0
1721,32,0
1722,29,0
1723,27,0
1724,26.5,0
1725,22,0
1726,22,0
1727,20.5,0
1728,19,0
1729,19,0
1730,19,0
1731,19,0
1732,18,0
1733,17,0
1734,20,0
1735,27,0
1736,30,0
1737,34,0
1738,37,0
1739,40,0
1740,44,0
1741,46,0
1742,48,0
1743,48,0
1744,48,0
1745,43,0
1746,40,0
1747,37,0
1748,38,0
1749,38,0
1750,37,0
1751,32.5,0
1752,31,0
1753,32,0
1754,30,0
1755,29,0
1756,27,0
1757,27,0
1758,32,0
1759,40,0
1760,43,0
1761,46,0
1762,49,0
1763,51,0
1764,53,0
1765,55,0
1766,56,0
1767,55,0
1768,55,0
1769,49,0
1770,44,0
1771,42,0
1772,43,0
1773,36,0
1774,33,0
1775,31.5,0
1776,30,0
1777,28,0
1778,27,0
1779,27,0
1780,26,0
1781,25,0
1782,27,0
1783,29,0
1784,32,0
1785,33,0
1786,38,0
1787,41,0
1788,44,0
1789,46,0
1790,46,0
1791,45,0
1792,45,0
1793,43,0.004
1794,41,0.008
1795,41,0.012
1796,40,0.016
1797,37,0.02
1798,35,0.09
1799,34.75,0.036666666666667
1800,34,0.026666666666667
1801,33,0.02
1802,34,0.013333333333333
1803,34,0.003333333333333
1804,34,0
1805,34,0
1806,34,0
1807,34,0
1808,34,0
1809,35.3333333333333,0
1810,36,0
1811,37,0
1812,37,0
1813,37,0.005
1814,38,0.01
1815,37.6666666666667,0.003333333333333
1816,38,0
1817,37,0
1818,37,0
1819,37,0
1820,36,0
1821,34,0
1822,32,0
1823,29.5,0
1824,28,0
1825,28,0
1826,27,0
1827,27,0
1828,26,0
1829,25,0
1830,30,0
1831,35,0
1832,40,0
1833,44,0
1834,47,0
1835,49,0
1836,50,0
1837,51,0
1838,52,0
1839,52,0
1840,51,0
1841,47,0
1842,44,0
1843,44,0
1844,42,0
1845,41,0
1846,40,0
1847,39,0
1848,39,0
1849,39,0
1850,38,0
1851,37,0
1852,36,0
1853,36,0
1854,38,0
1855,43,0
1856,49,0
1857,52,0
1858,54,0
1859,57,0
1860,56,0
1861,56,0
1862,55,0
1863,52,0
1864,50,0
1865,49,0
1866,47,0
1867,45,0
1868,43,0
1869,40,0
1870,39,0
1871,37.5,0
1872,36,0
1873,34,0
1874,33,0
1875,32,0
1876,30,0
1877,29,0
1878,30,0
1879,32,0
1880,35,0
1881,36,0
1882,38,0
1883,39,0
1884,42,0
1885,41,0
1886,42,0
1887,39,0
1888,38,0
1889,36,0
1890,35,0
1891,34,0
1892,33,0
1893,32,0
1894,31,0
1895,31,0
1896,31,0
1897,30,0
1898,29,0
1899,28,0
1900,27,0
1901,27,0
1902,27,0
1903,31,0
1904,35,0
1905,39,0
1906,41,0
1907,43,0
1908,44,0
1909,46,0
1910,46,0
1911,46,0
1912,45,0
1913,41,0
1914,32,0
1915,30,0
1916,29,0
1917,31,0
1918,27,0
1919,27,0
1920,27,0
1921,24,0
1922,23,0
1923,23,0
1924,23,0
1925,23,0
1926,27,0
1927,34,0
1928,39,0
1929,42,0
1930,44,0
1931,46,0
1932,49,0
1933,49,0
1934,51,0
1935,51,0
1936,50,0
1937,46,0
1938,46,0
1939,43,0
1940,41,0
1941,36,0
1942,37,0
1943,34.5,0
1944,36,0
1945,32,0
1946,33,0
1947,34,0
1948,33,0
1949,31,0
1950,33,0
1951,37,0
1952,43,0
1953,46,0
1954,47,0
1955,49,0
1956,50,0
1957,51,0
1958,50,0
1959,49,0
1960,48,0
1961,46,0
1962,45,0
1963,44,0
1964,43,0
1965,42,0
1966,39,0
1967,37.75,0.002
1968,37,0.01
1969,33.8,0.0312
1970,33,0.05
1971,33.25,0.0675
1972,33,0.04
1973,33,0.01
1974,33,0.05
1975,33,0.113333333333333
1976,33,0.09
1977,33,0.1
1978,32.75,0.035
1979,32,0.013333333333333
1980,32,0.03
1981,32,0.04
1982,31,0.0275
1983,30,0.03
1984,30.75,0.03125
1985,30.8333333333333,0.019166666666667
1986,31.6666666666667,0.013333333333333
1987,33,0.005
1988,34,0
1989,35,0
1990,34,0
1991,33.75,0
1992,33,0
1993,32,0
1994,31,0
1995,28,0
1996,26,0
1997,23,0
1998,24,0
1999,25,0
2000,28,0
2001,30,0
2002,32,0
2003,34,0
2004,36,0
2005,38,0
2006,39,0
2007,40,0
2008,40,0
2009,38,0
2010,36,0
2011,36,0
2012,34,0
2013,35,0
2014,33,0
2015,31.75,0
2016,31,0
2017,30,0
2018,30,0
2019,29,0
2020,28,0
2021,28,0
2022,30,0
2023,33,0
2024,35,0
2025,38,0
2026,42,0
2027,45,0
2028,47,0
2029,45,0.03
2030,43,0.06
2031,43,0.05
2032,43.5,0.125
2033,47,0.06
2034,48,0.02
2035,49,0.015
2036,50.3333333333333,0.01
2037,51,0.02
2038,51,0.03
2039,50,0.035
2040,50,0.02
2041,50,0.02
2042,50,0.02
2043,50,0.02
2044,50,0.03
2045,51,0.09
2046,52,0.07
2047,52,0.04
2048,53.3333333333333,0.026666666666667
2049,53.7142857142857,0.022857142857143
2050,54.6666666666667,0.018
2051,55.5,0.003
2052,48,0.01
2053,45.3333333333333,0.026666666666667
2054,45,0.02
2055,45,0.01
2056,45,0
2057,43,0
2058,41.8,0
2059,41,0
2060,41,0
2061,41,0
2062,40,0
2063,40,0
2064,40,0
2065,40,0
2066,40,0
2067,39.5,0
2068,40,0
2069,41,0
2070,41,0
2071,43,0
2072,43.5,0
2073,45,0
2074,46.5,0
2075,48,0
2076,49,0
2077,49,0
2078,50,0
2079,50,0
2080,51.3333333333333,0
2081,50.6666666666667,0.006666666666667
2082,49,0.02
2083,48.75,0.025
2084,49,0.01125
2085,49,0
2086,48,0
2087,48,0
2088,48,0
2089,47.75,0
2090,46.5,0
2091,46,0
2092,46,0
2093,46.5,0
2094,46.75,0
2095,46,0.02
2096,46,0.04
2097,47,0.015
2098,47,0.015
2099,46,0.02
2100,47,0.04
2101,46,0.0625
2102,47.5,0.03
2103,49,0
2104,48,0
2105,47,0
2106,46,0
2107,44,0
2108,42,0
2109,41,0
2110,40,0
2111,38.5,0
2112,37,0
2113,37,0
2114,36,0
2115,36,0
2116,35,0
2117,33,0
2118,35,0
2119,40,0
2120,42,0
2121,42,0
2122,45,0
2123,46,0
2124,47,0
2125,49,0
2126,50,0
2127,49,0
2128,43,0.005
2129,43,0.01
2130,40,0
2131,40,0
2132,38,0
2133,36,0
2134,36,0
2135,35.25,0
2136,36,0
2137,37,0
2138,36,0
2139,37,0
2140,38,0
2141,39,0
2142,40,0
2143,41,0
2144,44,0.005
2145,47,0.01
2146,49,0
2147,51,0
2148,54,0
2149,52,0
2150,54,0
2151,53,0
2152,52,0
2153,52,0
2154,48.3333333333333,0
2155,45,0
2156,43,0
2157,40,0
2158,38,0
2159,34,0
2160,32,0
2161,31,0
2162,31,0
2163,30,0
2164,29,0
2165,28,0
2166,29,0
2167,31,0
2168,31,0
2169,35,0
2170,35,0
2171,36,0
2172,34,0
2173,31.75,0.002272727272727
2174,30.8,0.006363636363636
2175,29.25,0.019772727272727
2176,28.3333333333333,0.050833333333333
2177,28,0.04
2178,27,0.015
2179,26.3333333333333,0.011666666666667
2180,26.6666666666667,0.006
2181,26,0.002
2182,24,0
2183,22.9,0
2184,19,0
2185,20,0
2186,21,0
2187,18,0
2188,18,0
2189,18,0
2190,19,0
2191,21,0
2192,24,0
2193,28,0
2194,30,0
2195,33,0
2196,36,0
2197,38.5,0
2198,40,0
2199,41,0
2200,41,0
2201,41,0
2202,40,0
2203,40,0.002857142857143
2204,39.75,0.007857142857143
2205,40.3333333333333,0.01
2206,41,0.01
2207,41,0.01
2208,41,0.02
2209,41,0.0986
2210,41.5,0.1
2211,42.2,0.0834
2212,42,0.048
2213,43,0.01625
2214,44,0.01
2215,45,0.01
2216,45.5,0.01
2217,47,0.01
2218,51,0.005
2219,58,0
2220,62,0
2221,65.5,0
2222,66.5,0.04125
2223,59.8333333333333,0.125416666666667
2224,51.5,0.101
2225,45,0.062
2226,43.5,0.023
2227,40.75,0.00875
2228,39,0
2229,37,0
2230,36,0
2231,34.75,0
2232,34,0
2233,32,0
2234,30.2,0
2235,29,0
2236,28,0
2237,27,0
2238,27,0
2239,28,0
2240,29,0
2241,29,0
2242,30,0
2243,31,0
2244,31,0
2245,33,0
2246,33.5,0
2247,34,0
2248,34,0
2249,34,0
2250,31,0
2251,31,0
2252,27,0
2253,29,0
2254,29,0
2255,27.75,0
2256,27,0
2257,26,0
2258,25,0
2259,26,0
2260,25,0
2261,28,0
2262,31,0
2263,34,0
2264,36,0
2265,38,0
2266,41,0
2267,43,0
2268,46,0
2269,46,0
2270,49,0
2271,48,0
2272,48,0
2273,46,0
2274,45,0
2275,43,0
2276,44,0
2277,43,0
2278,43,0
2279,42.25,0
2280,43,0
2281,39,0
2282,38,0
2283,38,0
2284,39,0
2285,37,0
2286,39,0
2287,42,0
2288,43,0
2289,42,0
2290,42,0
2291,40,0
2292,37,0
2293,37,0
2294,36,0
2295,34,0
2296,31,0
2297,29,0
2298,28,0
2299,28,0
2300,29,0
2301,28,0
2302,27,0
2303,25.75,0
2304,25,0
2305,24,0
2306,23,0
2307,23,0
2308,22,0
2309,21,0
2310,24,0
2311,25,0
2312,28,0
2313,30,0
2314,32,0
2315,34,0
2316,36,0
2317,37,0
2318,39,0
2319,39,0
2320,38,0
2321,36,0
2322,31,0
2323,27,0
2324,28,0
2325,28,0
2326,28,0
2327,25,0
2328,25,0
2329,23,0
2330,22,0
2331,21,0
2332,20,0
2333,21,0
2334,28,0
2335,31,0
2336,35,0
2337,37,0
2338,38,0
2339,39,0
2340,40,0
2341,41,0
2342,41,0
2343,40,0
2344,41,0
2345,39,0
2346,37,0
2347,33.4,0.012857142857143
2348,32,0.027857142857143
2349,31.3333333333333,0.036666666666667
2350,31,0.02
2351,31,0.018333333333333
2352,31,0.009166666666667
2353,31,0.001666666666667
2354,31,0
2355,31,0
2356,32,0
2357,32,0
2358,32.3333333333333,0
2359,33,0
2360,34.5,0
2361,37,0
2362,38,0
2363,39,0
2364,40,0
2365,40,0
2366,40,0
2367,39.5,0
2368,39,0
2369,38,0
2370,37.5,0
2371,38,0
2372,36,0
2373,34,0
2374,34,0
2375,33.75,0
2376,33,0
2377,30,0
2378,30,0
2379,30,0
2380,29,0
2381,28,0
2382,30.5,0
2383,33,0
2384,37,0
2385,38,0
2386,40,0
2387,41,0
2388,41,0
2389,42,0
2390,43,0
2391,44,0
2392,43,0
2393,42,0
2394,36,0
2395,33,0
2396,32,0
2397,32,0
2398,34,0
2399,34.75,0
2400,34,0
2401,33,0
2402,34,0
2403,34,0
2404,34,0
2405,35,0
2406,38,0
2407,45,0
2408,50,0
2409,55,0
2410,59,0
2411,62,0
2412,64,0
2413,65,0
2414,67,0
2415,67,0
2416,65,0
2417,63,0
2418,60,0
2419,59,0
2420,57,0
2421,57,0
2422,56,0
2423,53.75,0
2424,53,0
2425,53,0
2426,53,0
2427,53,0
2428,53,0
2429,53,0
2430,57,0
2431,62,0
2432,67,0
2433,71,0
2434,73,0
2435,76,0
2436,77,0
2437,77,0
2438,79,0
2439,78,0
2440,76,0
2441,73,0
2442,69,0
2443,64,0
2444,63,0
2445,62,0
2446,64,0
2447,63.25,0
2448,64,0
2449,62,0
2450,62,0
2451,60,0
2452,59,0
2453,58,0
2454,61,0
2455,61.6666666666667,0
2456,68,0
2457,72,0
2458,69,0.0025
2459,66,0.005
2460,67,0.0075
2461,67,0.01
2462,72,0
2463,72,0
2464,72,0
2465,69,0
2466,66,0
2467,66,0
2468,65,0.03
2469,64,0.075
2470,63.6666666666667,0.126666666666667
2471,62.75,0.115
2472,62,0.22
2473,61.3333333333333,0.085
2474,60.4,0.09
2475,59,0.065
2476,57,0
2477,58,0
2478,59,0
2479,60,0
2480,61,0
2481,58.6666666666667,0
2482,57,0
2483,60.3333333333333,0
2484,63,0
2485,64.5,0
2486,66,0
2487,65,0
2488,65,0
2489,63,0
2490,62,0.01
2491,56,0.033333333333333
2492,53,0.0375
2493,52.5,0.03375
2494,51.5,0.02625
2495,50,0.028333333333333
2496,50,0.01
2497,49.5,0.015
2498,48.5,0.02
2499,48,0.015
2500,45.75,0.0325
2501,43,0.01
2502,42.25,0.01
2503,42,0.00625
2504,42.5,0.00125
2505,46.5,0
2506,48,0
2507,46.5,0
2508,43.5,0
2509,42.5,0
2510,41,0
2511,42,0
2512,40,0
2513,38,0
2514,37.3333333333333,0
2515,36.3333333333333,0
2516,35.5,0
2517,35.3333333333333,0
2518,34,0
2519,32.8333333333333,0
2520,32,0
2521,31,0
2522,30,0
2523,30,0.002
2524,29,0.004
2525,29,0.005
2526,28.2,0.008
2527,28.25,0.009375
2528,30,0.005
2529,30.6666666666667,0.001666666666667
2530,31,0
2531,32.1666666666667,0
2532,33,0
2533,32.5,0
2534,33,0
2535,33,0
2536,34,0
2537,34,0
2538,34,0
2539,34,0
2540,34,0
2541,34,0
2542,33,0
2543,33,0
2544,33,0
2545,32,0
2546,32,0
2547,31,0
2548,30,0
2549,30,0
2550,32,0
2551,34,0
2552,36,0
2553,39,0
2554,40,0
2555,43,0
2556,44,0
2557,48,0
2558,47,0
2559,47,0
2560,48,0
2561,47,0
2562,42,0
2563,40,0
2564,38,0
2565,37,0
2566,36,0
2567,35,0
2568,35,0
2569,33,0
2570,32,0
2571,32,0
2572,33,0
2573,33,0
2574,36,0
2575,38,0
2576,42,0
2577,49,0
2578,53,0
2579,55,0
2580,56.5,0
2581,54,0
2582,51.5,0
2583,48,0
2584,45,0
2585,41,0
2586,39.5,0
2587,38,0
2588,36,0
2589,36,0
2590,34,0
2591,33.9,0
2592,33.5,0
2593,33.6666666666667,0
2594,34,0
2595,34,0
2596,34,0
2597,34.5,0
2598,37,0
2599,38.5,0
2600,41,0
2601,44.5,0
2602,48,0
2603,52,0
2604,54,0
2605,55,0
2606,55,0
2607,56,0
2608,55,0
2609,52,0
2610,47,0
2611,43,0
2612,39,0
2613,42,0
2614,39,0
2615,36.75,0
2616,36,0
2617,29,0
2618,31,0
2619,30,0
2620,34,0
2621,37,0
2622,43,0
2623,47,0
2624,50,0
2625,54,0
2626,57,0
2627,58,0
2628,60,0
2629,63,0
2630,60,0
2631,61,0
2632,60,0
2633,57,0
2634,49,0
2635,48,0
2636,47,0
2637,44,0
2638,44,0
2639,44.25,0
2640,42,0
2641,43,0
2642,43,0
2643,43,0
2644,41,0
2645,41,0
2646,45,0
2647,54,0
2648,55,0
2649,59,0
2650,60,0
2651,62,0
2652,63,0
2653,64,0
2654,62,0
2655,60,0
2656,59,0
2657,57,0
2658,55,0
2659,54,0
2660,53,0
2661,51,0
2662,51,0
2663,50.5,0
2664,49,0
2665,49,0
2666,48,0
2667,48,0
2668,47,0
2669,47,0
2670,48,0
2671,51,0
2672,52,0
2673,54,0
2674,58,0
2675,66,0
2676,65,0
2677,68,0
2678,68,0
2679,67,0
2680,66,0
2681,64,0
2682,60,0
2683,56,0
2684,55,0
2685,54,0
2686,54,0
2687,51.5,0
2688,50,0
2689,50,0
2690,48,0
2691,47,0
2692,47,0
2693,48,0
2694,49,0
2695,52,0
2696,55,0
2697,58,0
2698,60,0
2699,62,0
2700,62,0
2701,57,0.00625
2702,56.8571428571429,0.01
2703,57,0.01
2704,57,0.013333333333333
2705,56,0.03
2706,55,0.03
2707,55,0.015
2708,55,0.013333333333333
2709,54,0.013333333333333
2710,54,0.035555555555556
2711,53.7142857142857,0.048571428571429
2712,53,0.015
2713,53.3333333333333,0
2714,53,0
2715,52,0
2716,51.5,0
2717,52,0
2718,52,0
2719,53.3333333333333,0
2720,55.5,0
2721,57,0
2722,59,0
2723,60,0
2724,60,0
2725,60,0
2726,61,0
2727,62,0
2728,62,0
2729,62,0
2730,57,0
2731,56,0
2732,53,0
2733,51,0
2734,49,0
2735,47,0
2736,47,0
2737,45,0
2738,49,0
2739,48,0
2740,46.5,0
2741,46,0
2742,47,0
2743,50,0
2744,54,0
2745,56,0
2746,59,0
2747,62,0
2748,63,0
2749,64,0
2750,64,0
2751,62,0
2752,60,0
2753,57,0
2754,52,0
2755,50,0
2756,47,0
2757,45,0
2758,44,0
2759,41.75,0
2760,41,0
2761,40,0
2762,37,0
2763,38,0
2764,38,0
2765,42,0
2766,47,0
2767,50,0
2768,54,0
2769,58,0
2770,61,0
2771,62,0
2772,65,0
2773,66,0
2774,67,0
2775,68,0
2776,66,0
2777,64,0
2778,57,0
2779,56,0
2780,52,0
2781,48,0
2782,47,0
2783,45,0
2784,45,0
2785,44,0
2786,46,0
2787,42,0
2788,42,0
2789,46,0
2790,51,0
2791,55,0
2792,60,0
2793,61,0
2794,63,0
2795,64,0
2796,66,0
2797,68,0
2798,69,0
2799,70,0
2800,69,0
2801,67,0
2802,64,0
2803,64,0
2804,62,0
2805,61,0
2806,49,0
2807,43.25,0
2808,41,0
2809,39,0
2810,39,0
2811,38,0
2812,37,0
2813,38,0
2814,42,0
2815,45,0
2816,49,0
2817,53,0
2818,54,0
2819,56,0
2820,57,0
2821,58,0
2822,59,0
2823,60,0
2824,58,0
2825,56,0
2826,50,0
2827,46,0
2828,44,0
2829,41,0
2830,39,0
2831,36,0
2832,36,0
2833,35,0
2834,33,0
2835,34,0
2836,31,0
2837,34,0
2838,44,0
2839,47,0
2840,52,0
2841,54,0
2842,56,0
2843,59,0
2844,61,0
2845,62,0
2846,63,0
2847,63,0
2848,63,0
2849,63,0
2850,55,0
2851,50,0
2852,47,0
2853,42,0
2854,42,0
2855,41.75,0
2856,38,0
2857,38,0
2858,35,0
2859,36,0
2860,38,0
2861,44,0
2862,51,0
2863,60,0
2864,65,0
2865,68,0
2866,72,0
2867,74,0
2868,76,0
2869,77,0
2870,77,0
2871,78,0
2872,76,0
2873,72,0
2874,67,0
2875,64,0
2876,62,0
2877,60,0
2878,59,0
2879,56.3333333333333,0
2880,55,0
2881,51,0
2882,50,0
2883,53,0
2884,53,0
2885,56,0
2886,63,0
2887,71,0
2888,76,0
2889,80,0
2890,83,0
2891,84,0
2892,84,0
2893,85,0
2894,84,0
2895,84,0
2896,82,0
2897,78,0
2898,75,0
2899,72,0
2900,69,0
2901,69,0
2902,69,0
2903,67.75,0
2904,67,0
2905,66,0
2906,65,0
2907,65,0
2908,63,0
2909,64,0
2910,69,0
2911,73,0
2912,80,0
2913,82,0
2914,85,0
2915,88,0
2916,89,0
2917,86,0
2918,86,0
2919,86,0
2920,85,0
2921,82,0
2922,78,0
2923,77,0
2924,75,0
2925,73,0
2926,73,0
2927,72.25,0
2928,73,0
2929,72.6666666666667,0.021666666666667
2930,70,0.0125
2931,70,0.01875
2932,66,0.061875
2933,64.3333333333333,0.105
2934,64,0.13
2935,65,0.01
2936,68,0
2937,71,0
2938,72,0
2939,72.3333333333333,0
2940,73,0
2941,71.5,0
2942,70.5,0
2943,70,0
2944,69,0
2945,68.6666666666667,0
2946,66,0
2947,65,0
2948,64,0
2949,63,0
2950,65,0
2951,66.25,0
2952,67,0
2953,66,0
2954,64.5,0
2955,64,0
2956,64,0
2957,64,0
2958,66,0
2959,68,0
2960,70,0
2961,70,0
2962,72,0
2963,69,0
2964,70,0
2965,71,0
2966,72,0
2967,73,0
2968,71,0
2969,71,0
2970,68,0
2971,62,0
2972,59,0
2973,60,0
2974,58,0
2975,54.75,0
2976,54,0
2977,53,0
2978,53,0
2979,53,0
2980,53,0
2981,55,0
2982,59,0
2983,64,0
2984,70,0
2985,74,0
2986,76,0
2987,77,0
2988,79,0
2989,79,0
2990,81,0
2991,80,0
2992,80,0
2993,78,0
2994,73,0
2995,70,0
2996,66,0
2997,65,0
2998,66,0
2999,62,0
3000,59,0
3001,59,0
3002,58,0
3003,56,0
3004,55,0
3005,59,0
3006,66,0
3007,71,0
3008,73,0
3009,70,0
3010,74,0
3011,74,0
3012,77,0
3013,79,0
3014,80,0
3015,82,0
3016,78,0
3017,75,0
3018,67,0
3019,63,0
3020,60,0
3021,57,0
3022,56,0
3023,54.5,0
3024,53,0
3025,52,0
3026,51,0
3027,50,0
3028,50,0
3029,53,0
3030,57,0
3031,62,0
3032,67,0
3033,70,0
3034,72,0
3035,72,0
3036,75,0
3037,76,0
3038,77,0
3039,76,0
3040,75,0
3041,73,0
3042,68,0
3043,64,0
3044,62,0
3045,60,0
3046,58,0
3047,54,0
3048,51,0
3049,52,0
3050,54,0
3051,53,0
3052,50,0
3053,54,0
3054,63,0
3055,69,0
3056,74,0
3057,75,0
3058,76,0
3059,80,0
3060,80,0
3061,83,0
3062,82,0
3063,83,0
3064,80,0
3065,78,0
3066,71,0
3067,66,0
3068,59,0
3069,58,0
3070,61,0
3071,57,0
3072,54,0
3073,57,0
3074,55,0
3075,58,0
3076,63,0
3077,64,0
3078,67,0
3079,69,0
3080,70,0
3081,70,0
3082,68,0
3083,72,0
3084,84,0
3085,81,0
3086,85,0
3087,84,0
3088,83,0
3089,80,0
3090,67.5714285714286,0.179285714285714
3091,67,0.585
3092,67,0.1
3093,65,0
3094,65,0
3095,60.75,0
3096,60,0
3097,59,0
3098,59,0
3099,58,0
3100,57,0
3101,60,0
3102,64,0
3103,67,0
3104,70,0
3105,72,0
3106,74,0
3107,75,0
3108,78,0
3109,79,0
3110,80,0
3111,81,0
3112,81,0
3113,80,0
3114,74,0
3115,71,0
3116,71,0
3117,69,0
3118,64,0
3119,63.75,0
3120,63,0
3121,62,0
3122,61,0
3123,60,0
3124,59,0
3125,61,0
3126,65,0
3127,70,0
3128,75,0
3129,79,0
3130,80,0
3131,83,0
3132,84,0
3133,84,0
3134,85,0
3135,87,0
3136,86,0
3137,83,0
3138,78,0
3139,74,0
3140,71,0
3141,71,0
3142,69,0
3143,67.25,0
3144,68,0
3145,68,0
3146,67,0
3147,67,0
3148,68,0
3149,68,0
3150,69,0
3151,61.5,0
3152,64,0
3153,70,0
3154,72,0
3155,73,0
3156,74,0
3157,72,0
3158,74,0
3159,76,0
3160,77,0
3161,77,0
3162,69,0
3163,65,0
3164,63,0
3165,61,0
3166,60,0
3167,60.25,0
3168,61,0
3169,63,0
3170,64,0
3171,62,0
3172,59,0
3173,61,0
3174,64,0
3175,69,0
3176,74,0
3177,78,0
3178,82,0
3179,84,0
3180,85,0
3181,86,0
3182,86,0
3183,87,0
3184,83,0
3185,76,0
3186,75,0
3187,74,0
3188,70,0
3189,68,0
3190,68,0
3191,67.75,0
3192,67,0
3193,65,0
3194,65,0
3195,67,0
3196,66,0
3197,72,0
3198,74,0
3199,77,0
3200,78,0
3201,81,0
3202,84,0
3203,88,0
3204,88,0
3205,93,0
3206,91,0
3207,91,0
3208,89,0
3209,87,0
3210,84,0
3211,83,0
3212,75,0
3213,73,0
3214,71,0
3215,69.5,0
3216,68,0
3217,67,0.04
3218,65,0.02
3219,65,0
3220,66,0
3221,67,0
3222,69,0
3223,70,0
3224,72,0
3225,74,0
3226,78,0.02
3227,75.3333333333333,0.006666666666667
3228,75,0
3229,76,0
3230,74,0.02
3231,70,0.04
3232,72,0.02
3233,72,0
3234,69,0
3235,65,0
3236,63,0
3237,62,0
3238,60,0
3239,57.75,0
3240,57.5,0
3241,57.5,0
3242,57.5,0
3243,58,0
3244,59,0
3245,61,0
3246,62.3333333333333,0
3247,66,0
3248,71,0
3249,74,0
3250,77,0
3251,78,0
3252,79,0
3253,81,0
3254,82,0
3255,83,0
3256,82,0
3257,80,0
3258,76,0
3259,73,0
3260,72,0
3261,69,0
3262,67,0
3263,65.75,0
3264,65,0
3265,65,0
3266,64,0
3267,63,0
3268,62,0
3269,64,0
3270,67,0
3271,72,0
3272,75,0
3273,79,0
3274,81,0
3275,81,0
3276,82,0
3277,84,0
3278,85,0
3279,85,0
3280,81,0
3281,79,0
3282,76,0
3283,74,0
3284,70,0
3285,67,0
3286,64,0
3287,65,0
3288,65,0
3289,66,0
3290,67,0
3291,67,0
3292,66,0
3293,65,0
3294,67,0
3295,70,0
3296,71,0
3297,73,0
3298,75,0
3299,75,0
3300,76,0
3301,75,0
3302,75,0
3303,75,0
3304,75,0
3305,74,0
3306,73,0
3307,71,0
3308,70,0
3309,68.5,0
3310,68,0
3311,66.375,0.000555555555556
3312,65,0.004444444444444
3313,64,0.01
3314,64.6666666666667,0.017777777777778
3315,64.6666666666667,0.016666666666667
3316,64.6666666666667,0.003333333333333
3317,66,0
3318,67.5,0
3319,69.6666666666667,0
3320,71.6666666666667,0
3321,73.3333333333333,0
3322,77.5,0
3323,82,0
3324,82,0
3325,85,0
3326,85,0
3327,85,0
3328,83,0
3329,82,0
3330,78,0
3331,76,0
3332,73,0
3333,70,0
3334,70,0
3335,67.75,0
3336,64,0
3337,63,0
3338,63,0
3339,64,0
3340,62,0
3341,66,0
3342,68,0
3343,70,0
3344,69.6666666666667,0
3345,73,0
3346,78,0
3347,79,0
3348,80,0
3349,76,0
3350,73,0
3351,75,0
3352,73,0
3353,72,0
3354,72,0
3355,69,0
3356,68,0
3357,64,0
3358,61,0
3359,60,0
3360,60,0
3361,61,0
3362,61,0
3363,61,0.005
3364,62,0.01
3365,63,0.005
3366,64,0
3367,66,0
3368,66.6666666666667,0.04
3369,71,0.03
3370,73,0.02
3371,75,0.01
3372,75,0
3373,76,0
3374,77,0
3375,77,0
3376,77,0
3377,77,0
3378,75,0
3379,70,0
3380,69,0
3381,67,0
3382,66,0
3383,65,0
3384,65,0
3385,65,0
3386,66,0
3387,64,0
3388,65.6666666666667,0
3389,68,0
3390,71.5,0
3391,74,0
3392,77,0
3393,79,0
3394,79,0
3395,82,0
3396,83,0
3397,85,0
3398,83,0
3399,83,0
3400,82,0
3401,79,0
3402,75,0
3403,71,0
3404,70,0
3405,68,0
3406,65,0
3407,62.5,0
3408,61,0
3409,60,0
3410,59,0
3411,58,0
3412,57,0
3413,61,0
3414,64,0
3415,68,0
3416,72,0
3417,76,0
3418,78,0
3419,80,0
3420,81,0
3421,84,0
3422,85,0
3423,85,0
3424,84,0
3425,81,0
3426,76,0
3427,73,0
3428,70,0
3429,67,0
3430,66,0
3431,63.5,0
3432,62,0
3433,62,0
3434,61,0
3435,60,0
3436,61,0
3437,65,0
3438,71,0
3439,76,0
3440,79,0
3441,80,0
3442,82,0
3443,86,0
3444,86,0
3445,87,0
3446,88,0
3447,88,0
3448,87,0
3449,84,0
3450,80,0
3451,75,0
3452,70,0
3453,69,0
3454,68,0
3455,68.25,0
3456,69,0
3457,67,0
3458,64,0
3459,65,0
3460,65,0
3461,70,0
3462,75,0
3463,80,0
3464,85,0
3465,87,0
3466,88,0
3467,89,0
3468,90,0
3469,90,0
3470,92,0
3471,91,0
3472,88,0
3473,86,0
3474,73,0.183333333333333
3475,69.8,0.285
3476,70,0.135
3477,70,0
3478,70,0
3479,70,0.005
3480,70,0.02
3481,69,0.01
3482,69,0.005
3483,68,0
3484,69,0
3485,70,0
3486,71,0
3487,72.5,0
3488,76,0
3489,78.5,0
3490,81,0
3491,84,0
3492,85,0
3493,86,0
3494,87,0
3495,88,0
3496,88,0
3497,86,0
3498,82,0
3499,82,0
3500,78,0
3501,73,0
3502,73,0
3503,73,0
3504,73,0
3505,72,0
3506,70,0
3507,68,0
3508,71,0
3509,73,0
3510,76,0
3511,81,0
3512,85,0
3513,87,0
3514,89,0
3515,91,0
3516,93,0
3517,94,0
3518,91,0
3519,90,0
3520,91,0
3521,87,0
3522,84,0
3523,80,0
3524,78,0
3525,76,0
3526,73,0
3527,72.75,0
3528,72,0
3529,70,0
3530,69,0
3531,69,0
3532,68,0
3533,73,0
3534,78,0
3535,84,0
3536,88,0
3537,92,0
3538,93,0
3539,95,0
3540,95,0
3541,96,0
3542,97,0
3543,95,0
3544,90.6666666666667,0
3545,89,0
3546,86,0
3547,82,0
3548,80,0
3549,79,0
3550,78,0
3551,77,0
3552,74,0
3553,74,0
3554,71,0
3555,72,0
3556,71,0
3557,72,0
3558,75,0
3559,79,0
3560,83,0
3561,87,0
3562,88,0
3563,88,0
3564,88,0
3565,87,0
3566,87,0
3567,87,0
3568,87,0
3569,85,0
3570,84,0
3571,81,0
3572,78,0
3573,71.5,0.0675
3574,71,0.03
3575,72,0
3576,72,0
3577,73,0
3578,74,0
3579,73,0
3580,72,0
3581,75,0
3582,76,0
3583,78,0
3584,78,0
3585,79,0
3586,81,0
3587,81,0
3588,77.3333333333333,0.06
3589,78,0
3590,76,0.368571428571429
3591,74.8333333333333,0.451666666666667
3592,75.5,0.025
3593,80,0
3594,78,0
3595,77,0
3596,74,0
3597,73,0
3598,72,0
3599,71.75,0
3600,71,0
3601,69,0
3602,69,0
3603,68,0
3604,69,0
3605,71,0
3606,76,0
3607,80,0
3608,83,0
3609,85,0
3610,87,0
3611,88,0
3612,90,0
3613,88,0
3614,86,0
3615,85,0.03
3616,71.8333333333333,0.114166666666667
3617,70.5,0.0425
3618,72,0.005
3619,72,0
3620,72,0
3621,71,0
3622,70,0
3623,68.3333333333333,0
3624,67,0
3625,67,0
3626,66.3333333333333,0
3627,66,0
3628,66,0
3629,69,0
3630,73,0
3631,76,0
3632,80,0
3633,83,0
3634,87,0
3635,86,0
3636,87,0
3637,89,0
3638,89,0
3639,88,0
3640,87,0
3641,84,0
3642,80,0
3643,75,0
3644,70,0
3645,67,0
3646,65,0
3647,61.5,0
3648,60,0
3649,59,0
3650,57,0
3651,57,0
3652,56,0
3653,58,0
3654,62,0
3655,67,0
3656,71,0
3657,76,0
3658,76,0
3659,77,0
3660,82,0
3661,84,0
3662,85,0
3663,84,0
3664,85,0
3665,82.5,0
3666,72.4285714285714,0.431571428571429
3667,73,0.268
3668,72,0
3669,72,0
3670,71,0
3671,70.75,0
3672,70,0
3673,70,0
3674,68,0
3675,65,0
3676,63,0
3677,65,0
3678,68,0
3679,71,0
3680,72,0
3681,74,0
3682,76,0
3683,78,0
3684,79,0
3685,81,0
3686,82,0
3687,81,0
3688,80,0
3689,78,0
3690,72,0
3691,67,0
3692,62,0
3693,61,0
3694,58,0
3695,56.75,0
3696,56,0
3697,57,0
3698,55,0
3699,57,0
3700,54,0
3701,58,0
3702,63,0
3703,66,0
3704,69,0
3705,71,0
3706,73,0
3707,74,0
3708,76,0
3709,77,0
3710,78,0
3711,78,0
3712,76,0
3713,76,0
3714,74,0
3715,68,0
3716,66,0
3717,62,0
3718,61,0
3719,60,0
3720,60,0
3721,60,0
3722,58,0
3723,56,0
3724,57,0
3725,61,0
3726,67,0
3727,73,0
3728,77,0
3729,80,0
3730,82,0
3731,84,0
3732,86,0
3733,87,0
3734,87,0
3735,87,0
3736,86,0
3737,84,0
3738,74.5,0
3739,67,0
3740,62,0
3741,60,0
3742,59,0
3743,56.75,0
3744,56,0
3745,56,0
3746,55,0
3747,54,0
3748,55,0
3749,58,0
3750,61,0
3751,65,0
3752,69,0
3753,72,0
3754,76,0
3755,77,0
3756,80,0
3757,83,0
3758,83,0
3759,83,0
3760,83,0
3761,82,0
3762,76,0
3763,71,0
3764,70,0
3765,70,0
3766,68,0
3767,67.75,0
3768,67,0
3769,68,0
3770,67,0
3771,66,0
3772,66,0
3773,68,0
3774,73,0
3775,77,0
3776,82,0
3777,86,0
3778,87,0
3779,89,0
3780,90,0
3781,91,0
3782,80,0.128
3783,80.3333333333333,0.066666666666667
3784,79.6666666666667,0.003333333333333
3785,83,0
3786,78,0
3787,75,0
3788,74,0
3789,72,0
3790,71,0
3791,70.75,0
3792,70,0
3793,69,0
3794,68,0
3795,68,0
3796,68,0
3797,69,0
3798,72,0
3799,77,0
3800,81,0
3801,84,0
3802,84,0
3803,85,0
3804,86,0
3805,86,0
3806,87,0
3807,83,0
3808,83.6666666666667,0
3809,82,0
3810,79,0
3811,76,0
3812,74,0
3813,72,0
3814,71,0
3815,70,0
3816,70,0
3817,69,0
3818,69,0
3819,69,0
3820,67,0
3821,72,0
3822,75,0
3823,78,0
3824,68.8333333333333,0.081666666666667
3825,68.3333333333333,0.09
3826,76,0
3827,79,0
3828,80,0
3829,79,0
3830,79,0
3831,80,0
3832,80,0
3833,79,0
3834,77,0
3835,73,0
3836,72,0
3837,71,0
3838,69,0
3839,68.75,0
3840,68,0
3841,69,0
3842,69,0
3843,67.4,0.069
3844,66,0.13
3845,65.5,0.0175
3846,66.75,0.1025
3847,67.2,0.074
3848,69.5,0.0025
3849,70,0
3850,72.5,0
3851,77.5,0
3852,78.6,0
3853,71.1428571428571,0.332857142857143
3854,67,0.24
3855,67,0.14
3856,66.5,0.02
3857,68,0
3858,67,0
3859,67,0
3860,68,0
3861,68,0
3862,67,0
3863,67.5,0
3864,66.75,0
3865,66.3333333333333,0
3866,66.25,0.045
3867,66.75,0.05375
3868,67,0.05
3869,68.3333333333333,0.016666666666667
3870,70,0
3871,72,0
3872,74,0
3873,73.5,0
3874,75.3333333333333,0
3875,74,0
3876,75,0
3877,77,0
3878,76,0.01
3879,75,0.006666666666667
3880,76,0.003333333333333
3881,75,0
3882,74,0
3883,72,0
3884,72,0
3885,71,0
3886,71,0
3887,71,0.049
3888,69.5,0.318333333333333
3889,69,0.17125
3890,68.5,0.20125
3891,68.6666666666667,0.1
3892,69,0.04
3893,69,0.025
3894,69,0.015
3895,68.4,0.058
3896,68.6666666666667,0.043333333333333
3897,71,0.01
3898,74,0.005
3899,76,0
3900,80,0
3901,81,0
3902,81.75,0
3903,83,0
3904,83,0
3905,81,0
3906,79,0
3907,76,0
3908,75,0
3909,75,0
3910,73,0
3911,72.25,0
3912,73,0
3913,71,0
3914,70,0
3915,70,0
3916,69,0
3917,71,0
3918,74,0
3919,77,0
3920,80,0
3921,82,0
3922,81.5,0
3923,82,0
3924,82,0
3925,81,0
3926,82,0
3927,80,0
3928,80,0
3929,78,0
3930,73,0
3931,68,0
3932,64,0
3933,62,0
3934,63,0
3935,63.75,0
3936,63,0
3937,63,0
3938,60,0
3939,61,0
3940,62,0
3941,65,0
3942,68,0
3943,71,0
3944,75,0
3945,77,0
3946,78,0
3947,80,0
3948,81,0
3949,81,0
3950,80,0
3951,79,0
3952,77,0
3953,75,0
3954,73,0
3955,72,0
3956,71,0
3957,69,0
3958,68,0
3959,66.75,0
3960,66,0
3961,66,0
3962,66,0
3963,66,0.03
3964,66.3333333333333,0.016666666666667
3965,67.3333333333333,0.006
3966,70.5,0.001
3967,76,0
3968,80,0
3969,83,0
3970,85,0
3971,86,0
3972,88,0
3973,89,0
3974,89,0
3975,89,0
3976,88,0
3977,86,0
3978,83,0
3979,80,0
3980,79,0
3981,76,0
3982,76,0
3983,75.75,0
3984,75,0
3985,73,0
3986,71,0
3987,70,0
3988,70,0
3989,73,0
3990,78,0
3991,82,0
3992,84,0
3993,87,0
3994,88,0
3995,89,0
3996,89,0
3997,90,0
3998,90,0
3999,89,0
4000,89,0
4001,87,0
4002,83,0
4003,78,0
4004,77,0
4005,78,0
4006,77,0
4007,77.5,0
4008,76,0
4009,74,0
4010,73,0
4011,74,0
4012,74,0
4013,76,0
4014,80,0
4015,84,0
4016,86,0
4017,87,0
4018,88,0
4019,89,0
4020,90,0
4021,89,0
4022,90,0
4023,90,0
4024,88,0
4025,87,0
4026,84,0
4027,80,0
4028,80,0
4029,80,0
4030,79,0
4031,76.75,0
4032,76,0
4033,75,0
4034,74,0
4035,74,0
4036,74,0
4037,76,0
4038,80,0
4039,83,0
4040,85,0
4041,87,0
4042,88,0
4043,89,0
4044,89,0
4045,90,0
4046,90,0
4047,89,0
4048,88,0
4049,87,0
4050,84,0
4051,80,0
4052,79,0
4053,77,0
4054,77,0
4055,76,0
4056,76,0
4057,75,0
4058,75,0
4059,74,0
4060,74,0
4061,76,0
4062,79,0
4063,80,0
4064,83,0
4065,85,0
4066,86,0
4067,88,0
4068,89,0
4069,84,0
4070,86,0
4071,77.4,0.096
4072,76.5,0.025
4073,75.75,0.01375
4074,72.1666666666667,0.366666666666667
4075,71.5,0.265
4076,72,0.01
4077,71,0.0025
4078,71,0
4079,71,0
4080,71.25,0
4081,71,0
4082,71,0
4083,71.3333333333333,0
4084,71,0
4085,72.5,0
4086,74,0
4087,75,0
4088,76,0
4089,79,0
4090,79,0
4091,81.6666666666667,0
4092,85,0
4093,85,0
4094,84.5,0
4095,85,0
4096,83,0
4097,82,0
4098,79,0
4099,77,0
4100,76,0
4101,76,0
4102,71,0.0075
4103,71.25,0
4104,72,0
4105,70,0
4106,70,0
4107,69,0.0225
4108,69.5,0.09
4109,69.25,0.14125
4110,69,0.163333333333333
4111,69.3333333333333,0.068333333333333
4112,69.6,0.178
4113,69.5,0.22
4114,71.6666666666667,0.013333333333333
4115,76.4,0.003
4116,80,0
4117,80.6666666666667,0
4118,72.4285714285714,0.182142857142857
4119,74.3333333333333,0.096666666666667
4120,77,0
4121,75,0
4122,73,0
4123,67.1666666666667,0.475
4124,65,0.0125
4125,65,0.006666666666667
4126,66,0.001666666666667
4127,66,0
4128,66,0
4129,66,0
4130,66,0
4131,66,0
4132,66,0
4133,66.3333333333333,0
4134,67.5,0
4135,68,0
4136,68.3333333333333,0
4137,71.4,0
4138,72.6666666666667,0
4139,72.75,0
4140,73.6666666666667,0
4141,71.75,0.035
4142,69,0.07
4143,69,0.02
4144,70.75,0.011666666666667
4145,70,0.001666666666667
4146,68,0
4147,67,0
4148,67,0
4149,66,0
4150,66,0
4151,64,0
4152,64,0
4153,64,0
4154,65,0
4155,64,0
4156,64,0
4157,64.5,0
4158,64,0
4159,64.5,0
4160,67,0
4161,67,0
4162,69.5,0
4163,71,0
4164,70,0
4165,72,0
4166,72,0
4167,73,0
4168,73,0
4169,72,0
4170,70,0
4171,69,0
4172,69,0
4173,66,0
4174,65,0
4175,63.75,0
4176,63,0
4177,62.5,0
4178,61.3333333333333,0
4179,61.2,0
4180,60.8,0
4181,62.5,0
4182,67,0
4183,72,0
4184,75,0
4185,76,0
4186,78,0
4187,79,0
4188,81,0
4189,82,0
4190,81,0
4191,80,0
4192,80,0
4193,78,0
4194,77,0
4195,73,0
4196,73,0
4197,71,0
4198,70,0
4199,68.5,0
4200,67,0
4201,65,0
4202,64,0
4203,64,0
4204,64,0
4205,65,0
4206,67,0
4207,70,0
4208,74,0
4209,77,0
4210,77,0
4211,78,0
4212,79,0
4213,80,0
4214,80,0
4215,79,0
4216,79,0
4217,77,0
4218,75,0
4219,72,0
4220,71,0
4221,70,0
4222,70,0
4223,69.25,0
4224,70,0
4225,69.5,0
4226,69.5,0
4227,69,0
4228,69.75,0.0575
4229,69.5714285714286,0.071428571428572
4230,71,0.0125
4231,72.6666666666667,0.026666666666667
4232,75,0.015
4233,75,0
4234,74,0
4235,77,0
4236,80,0
4237,80,0
4238,81,0
4239,81,0
4240,80,0
4241,78,0
4242,76,0.01
4243,73,0.005
4244,72,0
4245,72,0
4246,71,0
4247,68,0
4248,68,0
4249,66.5,0
4250,67,0
4251,66.3333333333333,0
4252,66,0
4253,66.3333333333333,0
4254,69.5,0
4255,72.5,0
4256,75.6666666666667,0
4257,75,0
4258,77.75,0
4259,80,0
4260,79,0
4261,82,0
4262,82,0
4263,83,0
4264,82,0
4265,81,0
4266,77,0
4267,74,0
4268,71,0
4269,71,0
4270,71,0
4271,70.75,0
4272,70,0
4273,68,0
4274,68,0
4275,66,0
4276,65,0
4277,70,0
4278,75,0
4279,78,0
4280,80,0
4281,81,0
4282,82,0
4283,84,0
4284,84,0
4285,84,0
4286,84,0
4287,83,0
4288,81,0
4289,78,0
4290,77,0
4291,77,0
4292,75,0
4293,73,0
4294,73,0
4295,71.5,0
4296,70,0
4297,69,0
4298,70,0
4299,69,0
4300,68,0
4301,70.5,0
4302,77,0
4303,81,0
4304,84,0
4305,86,0
4306,87,0
4307,88,0
4308,89,0
4309,89,0
4310,89,0
4311,89,0
4312,88,0
4313,85,0
4314,84,0
4315,82,0
4316,80,0
4317,79,0
4318,77,0
4319,75.5,0
4320,74,0
4321,74,0
4322,74,0
4323,73,0
4324,73,0
4325,75,0
4326,78,0
4327,82,0
4328,85,0
4329,87,0
4330,87.3333333333333,0
4331,89,0
4332,88.6666666666667,0
4333,89,0
4334,87,0
4335,89,0
4336,88,0
4337,86,0
4338,82,0
4339,79,0
4340,78,0
4341,76,0
4342,76,0
4343,75.3333333333333,0
4344,74,0
4345,72,0
4346,73,0
4347,73,0
4348,73,0
4349,75,0
4350,79,0
4351,82,0
4352,84,0
4353,86,0
4354,88,0
4355,89,0
4356,89,0
4357,89,0
4358,89,0
4359,88,0
4360,87,0
4361,75.25,0.48875
4362,74.25,0.23875
4363,72.75,0.1925
4364,72.25,0.06625
4365,72,0.06
4366,72,0.01
4367,71.75,0
4368,71,0
4369,71,0
4370,71.5,0
4371,71,0
4372,70.5,0
4373,71.5,0
4374,76,0
4375,77,0
4376,79,0
4377,82,0
4378,81.5,0
4379,82.5,0
4380,83.3333333333333,0
4381,85,0
4382,85,0
4383,85,0
4384,81,0
4385,81,0
4386,80,0
4387,77,0
4388,75,0
4389,75,0
4390,73,0
4391,72.75,0
4392,72,0
4393,72,0
4394,71,0
4395,70,0
4396,70,0
4397,73,0
4398,76,0
4399,80,0
4400,82,0
4401,84,0
4402,85,0
4403,85,0
4404,87,0
4405,88,0
4406,88,0
4407,88,0
4408,87,0
4409,86,0
4410,82,0
4411,78,0
4412,76,0
4413,75,0
4414,74,0
4415,72.75,0
4416,72,0
4417,72,0
4418,72,0
4419,72,0
4420,72,0
4421,73,0
4422,76,0
4423,82,0
4424,84,0
4425,86,0
4426,88,0
4427,88,0
4428,89,0
4429,90,0
4430,90,0
4431,90,0
4432,88,0
4433,87,0
4434,84,0
4435,81,0
4436,79,0
4437,77,0
4438,77,0
4439,75.25,0
4440,76,0
4441,76,0
4442,76,0
4443,74,0
4444,74,0
4445,78,0
4446,80,0
4447,84,0
4448,86,0
4449,87,0
4450,88,0
4451,89,0
4452,87.3333333333333,0
4453,81,0
4454,75.8,0.514
4455,75.75,0.15
4456,72.5,0.1875
4457,73,0.015
4458,74,0
4459,73,0
4460,72,0
4461,71,0
4462,71,0
4463,70.75,0
4464,70,0
4465,70,0
4466,72,0
4467,72,0
4468,73,0
4469,73,0
4470,76,0
4471,76,0
4472,76.5,0
4473,78,0
4474,78,0
4475,79,0
4476,77,0
4477,80,0
4478,79,0
4479,78,0
4480,77,0
4481,75,0
4482,72,0
4483,68,0
4484,67,0
4485,65,0
4486,63,0
4487,61,0
4488,61,0
4489,60,0
4490,60,0
4491,58,0
4492,57,0
4493,60,0
4494,64,0
4495,67,0
4496,70,0
4497,73,0
4498,75,0
4499,76,0
4500,77,0
4501,78,0
4502,78,0
4503,78,0
4504,77,0
4505,76,0
4506,72,0
4507,68,0
4508,66,0
4509,65,0
4510,63,0
4511,61.25,0
4512,59,0
4513,59,0
4514,58,0
4515,58,0
4516,58,0
4517,62,0
4518,66,0
4519,71,0
4520,75,0
4521,78,0
4522,80,0
4523,80,0
4524,81,0
4525,83,0
4526,83,0
4527,83,0
4528,83,0
4529,82,0
4530,78,0
4531,72,0
4532,69,0
4533,68,0
4534,67,0
4535,66.75,0
4536,66,0
4537,67,0
4538,66,0
4539,65,0
4540,65,0
4541,71,0
4542,75,0
4543,79,0
4544,82,0
4545,84,0
4546,85,0
4547,85,0
4548,87,0
4549,88,0
4550,88,0
4551,87,0
4552,87,0
4553,85,0
4554,82,0
4555,78,0
4556,77,0
4557,76,0
4558,75,0
4559,73.75,0
4560,73,0
4561,72,0
4562,71,0
4563,70,0
4564,70,0
4565,72.5,0
4566,77,0
4567,81,0
4568,85,0
4569,87,0
4570,88,0
4571,89,0
4572,89,0
4573,89,0
4574,86,0
4575,75.8,0.138
4576,76,0.0475
4577,77,0
4578,78,0
4579,77,0
4580,75,0
4581,72,0
4582,71,0
4583,69.5,0
4584,68,0
4585,68,0
4586,67,0
4587,64,0
4588,62,0
4589,67,0
4590,71,0
4591,73,0
4592,75,0
4593,78,0
4594,80,0
4595,82,0
4596,83,0
4597,84,0
4598,84,0
4599,83,0
4600,82,0
4601,81,0
4602,78,0
4603,74,0
4604,72,0
4605,69,0
4606,69,0
4607,67,0
4608,67,0
4609,66,0
4610,65,0
4611,64,0
4612,63,0
4613,67,0
4614,70,0
4615,73,0
4616,77,0
4617,79,0
4618,81,0
4619,82,0
4620,83,0
4621,83,0
4622,84,0
4623,83,0
4624,83,0
4625,81,0
4626,76,0
4627,71,0
4628,70,0
4629,67,0
4630,67,0
4631,66,0
4632,63,0
4633,63,0
4634,63,0
4635,63,0
4636,64,0
4637,66,0
4638,71,0
4639,76,0
4640,79,0
4641,81,0
4642,83,0
4643,85,0
4644,86,0
4645,86,0
4646,86,0
4647,86,0
4648,85,0
4649,83,0
4650,78,0
4651,72,0
4652,72,0
4653,72,0
4654,70,0
4655,68.5,0
4656,67,0
4657,67,0
4658,67,0
4659,66,0
4660,67,0
4661,69,0
4662,76,0
4663,79,0
4664,76,0.18
4665,71.2222222222222,0.296666666666667
4666,72.5,0.145
4667,71.1666666666667,0.1275
4668,71.3333333333333,0.04
4669,78,0
4670,80,0
4671,81,0
4672,79,0
4673,76,0
4674,75,0.01
4675,73,0.02
4676,72,0.013333333333333
4677,72,0.006666666666667
4678,71,0
4679,71.75,0
4680,71,0
4681,71,0
4682,71,0
4683,70,0
4684,69.3333333333333,0
4685,70.5,0
4686,74,0
4687,76,0
4688,77,0
4689,78.3333333333333,0
4690,80,0
4691,80,0
4692,81,0
4693,81,0.049333333333333
4694,82,0.11
4695,79,0.152
4696,74.5714285714286,0.68
4697,76,0.01
4698,77,0
4699,75,0
4700,73,0
4701,72,0
4702,73,0
4703,73,0
4704,73,0
4705,72,0
4706,71.75,0
4707,71.5,0
4708,72,0
4709,73,0
4710,74.5,0
4711,75.6,0
4712,79.3333333333333,0
4713,82.5,0
4714,84,0
4715,85,0
4716,86,0
4717,87,0
4718,86,0
4719,86,0
4720,85,0
4721,83,0
4722,78,0
4723,76,0
4724,74,0
4725,74,0
4726,74,0
4727,71.75,0
4728,71,0
4729,69,0
4730,68,0
4731,69,0
4732,68,0
4733,69,0
4734,74,0
4735,78,0
4736,80,0
4737,81,0
4738,82,0
4739,84,0
4740,84,0
4741,83,0
4742,81,0
4743,83,0
4744,81,0
4745,80,0
4746,74,0
4747,73,0
4748,74,0
4749,71,0
4750,68,0
4751,65.5,0
4752,64,0
4753,64,0
4754,63,0
4755,61,0
4756,59,0
4757,65,0
4758,67,0
4759,70,0
4760,73,0
4761,76,0
4762,78,0
4763,78,0
4764,79,0
4765,79,0
4766,79,0
4767,79,0
4768,78,0
4769,75,0
4770,72,0
4771,67,0
4772,69,0
4773,68,0
4774,65,0
4775,63.25,0
4776,61,0
4777,62,0
4778,64,0
4779,61,0
4780,60,0
4781,62,0
4782,67,0
4783,71,0
4784,76,0
4785,79,0
4786,81,0
4787,80,0
4788,82,0
4789,81,0
4790,80,0
4791,82,0
4792,81,0
4793,80,0
4794,77,0
4795,72,0
4796,72,0
4797,73,0
4798,75,0
4799,74,0
4800,74,0
4801,69,0
4802,68,0
4803,69,0
4804,69,0
4805,70,0
4806,75,0
4807,79,0
4808,81,0
4809,78,0
4810,77,0
4811,78,0
4812,78,0
4813,79,0
4814,76,0
4815,79,0
4816,77,0
4817,75,0
4818,73,0
4819,72,0
4820,69,0
4821,69,0
4822,68,0
4823,67.75,0
4824,67,0
4825,67,0
4826,66,0
4827,66.5,0
4828,67,0
4829,68,0
4830,68,0
4831,69,0
4832,70,0
4833,70,0.00875
4834,71.75,0.05
4835,72,0.053333333333333
4836,73.25,0.036666666666667
4837,76,0.016666666666667
4838,78,0.003333333333333
4839,79,0
4840,78,0
4841,77,0
4842,71,0.06
4843,68,0.016666666666667
4844,68,0
4845,67,0
4846,67,0
4847,68,0
4848,68,0
4849,68,0.0075
4850,68,0.0075
4851,68,0.0025
4852,68,0.01
4853,68,0.015
4854,69,0.0025
4855,71,0
4856,72.5,0
4857,73,0
4858,74.5,0
4859,76.5,0
4860,74,0
4861,76,0.01
4862,80,0
4863,75.75,0.1325
4864,72.5,0.3775
4865,71.75,0.16
4866,72,0
4867,70,0
4868,69,0
4869,68,0
4870,68,0
4871,66.5,0
4872,65,0
4873,63,0
4874,61,0
4875,63,0
4876,64,0
4877,65,0
4878,66.5,0
4879,68,0
4880,73,0
4881,76,0
4882,78,0
4883,79,0
4884,81,0
4885,77,0
4886,80,0
4887,81,0
4888,79,0
4889,79,0
4890,73,0
4891,70,0
4892,69,0
4893,68,0
4894,67,0
4895,65.5,0
4896,64,0
4897,64,0
4898,64,0
4899,62.5,0
4900,61,0
4901,64,0
4902,68.3333333333333,0
4903,74,0
4904,78,0
4905,80,0
4906,81,0
4907,82,0
4908,83,0
4909,84,0
4910,84,0
4911,84,0
4912,83,0
4913,81,0
4914,74,0
4915,70,0
4916,70,0
4917,67,0
4918,65,0
4919,64.5,0
4920,63,0
4921,62,0
4922,61,0
4923,61,0
4924,60,0
4925,64,0
4926,69,0
4927,74,0
4928,77,0
4929,80,0
4930,81,0
4931,81,0
4932,82,0
4933,82,0
4934,83,0
4935,80,0
4936,80,0
4937,77,0
4938,74,0
4939,71,0
4940,68,0
4941,68,0
4942,66,0
4943,65,0
4944,65,0
4945,64,0
4946,65,0
4947,63,0
4948,65,0
4949,66,0
4950,70,0
4951,73,0
4952,76,0
4953,77,0
4954,78,0
4955,79,0
4956,78,0
4957,79,0
4958,77,0
4959,75,0
4960,74,0
4961,73,0
4962,70,0
4963,67,0
4964,64,0
4965,63,0
4966,61,0
4967,59.25,0
4968,60,0
4969,58,0
4970,57,0
4971,57,0
4972,56,0
4973,59,0
4974,63,0
4975,67,0
4976,69,0
4977,71,0
4978,72,0
4979,74,0
4980,76,0
4981,76,0
4982,76,0
4983,74,0
4984,72,0
4985,74,0
4986,68,0
4987,66,0
4988,63,0
4989,62,0
4990,61,0
4991,59.5,0
4992,58,0
4993,57,0
4994,57,0
4995,57,0
4996,56,0
4997,59,0
4998,64,0
4999,69,0
5000,73,0
5001,75,0
5002,75,0
5003,76,0
5004,77,0
5005,78,0
5006,78,0
5007,77,0
5008,75,0
5009,74,0
5010,68,0
5011,67,0
5012,63,0
5013,62,0
5014,61,0
5015,60,0
5016,60,0
5017,59,0
5018,62,0
5019,61,0
5020,62,0
5021,62,0.006666666666667
5022,63,0.013333333333333
5023,64,0.02
5024,64,0.02
5025,65,0.03
5026,64,0.0825
5027,64,0.06
5028,64,0.07
5029,65,0.04
5030,65.6666666666667,0.033333333333333
5031,67,0.024
5032,67,0.009
5033,66,0
5034,65,0
5035,65,0
5036,64,0
5037,64,0
5038,64,0
5039,64,0
5040,64,0
5041,64,0.015
5042,63.6666666666667,0.055
5043,63,0.085
5044,63,0.033333333333333
5045,63,0.031666666666667
5046,64,0.01
5047,66,0.006666666666667
5048,67.5,0.001666666666667
5049,67.6666666666667,0
5050,69.5,0
5051,72,0
5052,71,0
5053,73,0
5054,74.5,0
5055,75,0
5056,74,0
5057,73,0
5058,69,0
5059,66,0
5060,66,0
5061,66,0
5062,64,0
5063,64.25,0
5064,65,0
5065,65,0
5066,65,0
5067,65,0
5068,65,0
5069,66,0.003333333333333
5070,66,0.006666666666667
5071,66,0.01
5072,68,0.005
5073,69,0
5074,73,0
5075,74,0
5076,73,0
5077,74,0
5078,73,0
5079,75,0
5080,72,0
5081,70,0
5082,67,0
5083,66,0
5084,65,0
5085,62,0
5086,61.6666666666667,0
5087,59,0
5088,58.8,0
5089,58,0
5090,57,0
5091,57,0
5092,57,0
5093,59.5,0
5094,65,0
5095,69,0
5096,73,0
5097,75,0
5098,78,0
5099,78,0
5100,79,0
5101,80,0
5102,80,0
5103,80,0
5104,79,0
5105,77,0
5106,72,0
5107,68,0
5108,64,0
5109,66,0
5110,65,0
5111,64,0
5112,64,0
5113,64,0
5114,63,0
5115,62,0
5116,62,0
5117,64,0
5118,68,0
5119,73,0
5120,77,0
5121,80,0
5122,82,0
5123,82,0
5124,84,0
5125,84,0
5126,84,0
5127,81,0
5128,81,0
5129,80,0
5130,75,0
5131,71,0
5132,69,0
5133,71,0
5134,70,0
5135,65.75,0
5136,64.6666666666667,0
5137,65.6666666666667,0
5138,67,0
5139,66,0.01
5140,66,0
5141,67,0
5142,72,0
5143,76,0
5144,77,0
5145,80,0
5146,82,0
5147,84,0
5148,85,0
5149,87,0
5150,86,0
5151,86,0
5152,85,0
5153,84,0
5154,80,0
5155,76,0
5156,75,0
5157,74,0
5158,72,0
5159,71.75,0
5160,71,0
5161,68,0
5162,69,0
5163,69,0
5164,68,0
5165,69,0
5166,73,0
5167,78,0
5168,82,0
5169,85,0
5170,86,0
5171,86,0
5172,87,0
5173,87,0
5174,87,0
5175,87,0
5176,85,0
5177,83,0
5178,77,0
5179,74,0
5180,73,0
5181,74,0
5182,73,0
5183,73.75,0
5184,73,0
5185,72,0
5186,70,0
5187,71,0
5188,71,0
5189,71,0
5190,74,0
5191,79,0
5192,79,0
5193,83,0
5194,86,0
5195,88,0
5196,88,0
5197,89,0
5198,88,0
5199,88,0
5200,87,0
5201,84,0
5202,80,0
5203,76,0
5204,74,0
5205,74,0
5206,76,0
5207,74.75,0
5208,74,0
5209,73,0
5210,73,0
5211,73,0
5212,71,0
5213,72,0
5214,75,0
5215,78,0
5216,80,0
5217,83,0
5218,85,0
5219,85,0
5220,87,0
5221,87,0
5222,88,0
5223,88,0
5224,87,0
5225,84,0
5226,84,0
5227,79.5,0
5228,77.75,0
5229,78,0
5230,75,0
5231,70.75,0
5232,70,0
5233,70,0
5234,72.3333333333333,0.004
5235,69.6666666666667,0.012666666666667
5236,68,0.01
5237,69,0.01
5238,70,0.0075
5239,72.6666666666667,0.0025
5240,74.6666666666667,0
5241,77,0
5242,78,0
5243,78.5,0
5244,76,0.01
5245,77,0.006666666666667
5246,77.5,0.001666666666667
5247,78,0
5248,77,0
5249,76,0
5250,74,0
5251,73,0
5252,73,0
5253,71,0
5254,70,0
5255,69.4375,0
5256,69.3333333333333,0
5257,69.2,0
5258,69.75,0
5259,70,0
5260,70,0
5261,70,0
5262,71.3333333333333,0
5263,72,0
5264,75,0
5265,77.5,0
5266,79,0
5267,82,0
5268,82,0
5269,83,0
5270,82,0
5271,82,0
5272,81,0
5273,78,0
5274,73,0
5275,71,0
5276,69,0
5277,67,0
5278,67,0
5279,64.75,0
5280,64,0
5281,63,0
5282,62,0
5283,62,0
5284,61.8,0
5285,62.2,0
5286,70,0
5287,74,0
5288,78,0
5289,80,0
5290,82,0
5291,84,0
5292,85,0
5293,86,0
5294,85,0
5295,86,0
5296,84,0
5297,82,0
5298,77,0
5299,74,0
5300,72,0
5301,71,0
5302,71,0
5303,70.5,0
5304,69,0
5305,69,0
5306,69,0
5307,69,0
5308,68,0
5309,68,0
5310,72,0
5311,71,0
5312,76,0
5313,81,0
5314,85,0
5315,86,0
5316,87,0
5317,87,0
5318,85.5,0
5319,86.3333333333333,0
5320,85,0
5321,82,0
5322,76,0
5323,72,0
5324,71,0
5325,73,0
5326,71,0
5327,70.25,0
5328,68,0
5329,69,0
5330,68,0
5331,67,0
5332,67,0
5333,65.75,0
5334,70,0
5335,74,0
5336,78,0
5337,79,0
5338,80,0
5339,83,0
5340,83,0
5341,85,0
5342,85,0
5343,83,0
5344,84,0
5345,80,0
5346,75,0
5347,72,0
5348,71,0
5349,69,0
5350,67,0
5351,65,0
5352,65,0
5353,66,0
5354,65,0
5355,62,0
5356,68,0
5357,64,0
5358,72,0
5359,75,0
5360,79,0
5361,83,0
5362,85,0
5363,84,0
5364,87,0
5365,86,0
5366,85,0
5367,82,0
5368,84,0
5369,81,0
5370,76,0
5371,71,0
5372,71,0
5373,68,0
5374,66,0
5375,66.5,0
5376,68,0
5377,66,0
5378,65,0
5379,65,0
5380,64,0
5381,64,0
5382,69,0
5383,73,0
5384,79,0
5385,83,0
5386,85,0
5387,84,0
5388,85,0
5389,85,0
5390,85,0
5391,86,0
5392,83,0
5393,81,0
5394,75,0
5395,69,0
5396,68,0
5397,68,0
5398,66,0
5399,63.5,0
5400,62,0
5401,63,0
5402,62,0
5403,61,0
5404,60,0
5405,64,0
5406,70,0
5407,74,0
5408,79,0
5409,82,0
5410,84,0
5411,85,0
5412,85,0
5413,85,0
5414,84,0
5415,84,0
5416,82,0
5417,80,0
5418,75,0
5419,74,0
5420,73,0
5421,72,0
5422,72,0
5423,71.75,0
5424,71,0
5425,72,0
5426,71,0
5427,71,0
5428,70,0
5429,70.75,0
5430,72,0
5431,71,0
5432,72,0
5433,73.25,0
5434,74,0
5435,75,0
5436,77,0
5437,73.5,0.01
5438,74.75,0.006428571428571
5439,77.3333333333333,0.001428571428571
5440,75.5,0.02
5441,72.4,0.268
5442,72,0.314
5443,72.6,0.108
5444,72.3333333333333,0.033333333333333
5445,71.25,0
5446,71,0
5447,70,0
5448,70,0
5449,71,0
5450,71,0
5451,71.3333333333333,0
5452,71,0
5453,72,0
5454,72,0
5455,73,0
5456,73.25,0
5457,76,0
5458,79,0
5459,80,0
5460,84,0
5461,84,0
5462,84,0
5463,85,0
5464,85,0
5465,82,0
5466,77,0
5467,75,0
5468,73,0
5469,75,0
5470,75,0
5471,74.8333333333333,0.008
5472,72.25,0.1615
5473,70.8,0.129
5474,70,0.06
5475,69,0
5476,69,0
5477,69.5,0
5478,71,0
5479,71,0
5480,72.3333333333333,0
5481,73.5,0
5482,75.5,0
5483,79,0
5484,79,0
5485,80,0
5486,81,0
5487,82,0
5488,81,0
5489,79,0
5490,76,0
5491,73,0
5492,72,0
5493,72,0
5494,71,0
5495,69.75,0
5496,69.2,0
5497,69.75,0
5498,68.75,0
5499,67,0
5500,65,0
5501,69,0
5502,72,0
5503,75,0
5504,76,0
5505,76.5,0
5506,78.5,0
5507,81,0
5508,81,0
5509,81,0
5510,83,0
5511,83,0
5512,81,0
5513,78,0
5514,75,0
5515,74,0
5516,74,0
5517,72,0
5518,70,0
5519,69,0
5520,69,0
5521,68,0
5522,67,0
5523,67,0
5524,66,0
5525,67,0
5526,69,0
5527,72,0
5528,74,0
5529,79,0
5530,80.5,0
5531,82,0
5532,84,0
5533,85,0
5534,83,0
5535,83,0
5536,82,0
5537,79,0
5538,75,0
5539,73,0
5540,73,0
5541,71,0
5542,71,0
5543,70.75,0
5544,70,0
5545,70,0
5546,70,0
5547,70,0
5548,69,0
5549,70,0
5550,70,0.143
5551,70.5,0.0675
5552,70.5,0.291875
5553,71.3333333333333,0.01
5554,73.6666666666667,0.003333333333333
5555,79.6666666666667,0
5556,82,0
5557,83.5,0
5558,84,0
5559,81,0
5560,79,0
5561,76.5,0.03
5562,70,0.19125
5563,71.5,0.13
5564,71,0.02
5565,70.5,0.015
5566,70,0
5567,69.75,0
5568,69,0
5569,69.6666666666667,0
5570,69.5,0
5571,69,0
5572,69,0
5573,68.8,0
5574,69,0
5575,69,0.04
5576,70,0.037333333333333
5577,72.5,0.012
5578,74.5,0
5579,71.8,0.05
5580,72,0.01
5581,73,0.0025
5582,72,0
5583,72.6666666666667,0
5584,74,0
5585,73,0
5586,68,0
5587,67,0
5588,65,0
5589,68,0
5590,67,0
5591,65.5,0
5592,64,0
5593,62,0
5594,62,0
5595,63,0
5596,61,0
5597,60,0
5598,61,0
5599,64,0
5600,67,0
5601,70,0
5602,73,0
5603,74,0
5604,76,0
5605,76,0
5606,76,0
5607,75,0
5608,74,0
5609,70,0
5610,66,0
5611,64,0
5612,62,0
5613,58,0
5614,59,0
5615,57.75,0
5616,57,0
5617,56,0
5618,54,0
5619,55,0
5620,54,0
5621,56,0
5622,61,0
5623,67,0
5624,71,0
5625,75,0
5626,76,0
5627,77,0
5628,78,0
5629,76,0
5630,79,0
5631,78,0
5632,76,0
5633,72,0
5634,66,0
5635,63,0
5636,62,0
5637,62,0
5638,60,0
5639,58.75,0
5640,58,0
5641,60,0
5642,62,0
5643,61,0
5644,60,0
5645,61,0
5646,61,0.01
5647,61,0.08
5648,61,0.15
5649,61,0.103333333333333
5650,65,0.073333333333333
5651,70,0.018333333333333
5652,69,0.006666666666667
5653,67,0.006666666666667
5654,64,0.001666666666667
5655,64,0.006666666666667
5656,65,0
5657,65,0
5658,65,0
5659,64,0
5660,63,0
5661,63,0
5662,63,0
5663,63.25,0
5664,64,0
5665,65,0
5666,66,0
5667,67,0
5668,67.5,0
5669,69,0
5670,70,0
5671,73,0
5672,76,0
5673,78,0
5674,80,0
5675,81,0
5676,82,0
5677,84,0
5678,86,0
5679,87,0
5680,86,0
5681,83,0
5682,80,0
5683,78,0
5684,78,0
5685,77,0
5686,76,0
5687,75.75,0
5688,75,0
5689,75,0
5690,75,0
5691,75,0
5692,74,0
5693,74.5,0
5694,76.5,0
5695,81,0
5696,84,0
5697,87,0
5698,89,0
5699,90,0
5700,88,0
5701,89,0
5702,91,0
5703,90,0
5704,89,0
5705,86,0
5706,81,0
5707,79,0
5708,78,0
5709,76,0
5710,75,0
5711,74.25,0
5712,75,0
5713,74,0
5714,74,0
5715,73,0
5716,72,0
5717,73,0
5718,76,0
5719,81,0
5720,84,0
5721,87,0
5722,89,0
5723,90,0
5724,91,0
5725,91,0
5726,92,0
5727,89,0
5728,88,0
5729,85,0
5730,82,0
5731,80,0
5732,78,0
5733,78,0
5734,77,0
5735,75,0
5736,75,0
5737,73,0
5738,73,0
5739,73,0
5740,73,0
5741,73,0
5742,77,0
5743,81,0
5744,85,0
5745,88,0
5746,90,0
5747,91,0
5748,92,0
5749,92,0
5750,92,0
5751,92,0
5752,89,0
5753,86,0
5754,82,0
5755,77,0
5756,78,0
5757,77,0
5758,77,0
5759,75.5,0
5760,76.5,0
5761,74,0
5762,70.8,0.03
5763,70,0.03
5764,69.2,0.106
5765,69,0.03
5766,69,0.02
5767,69,0.0125
5768,71,0.005
5769,74,0
5770,75,0
5771,76,0
5772,76,0
5773,76,0
5774,78,0
5775,79,0
5776,76,0
5777,74.3333333333333,0
5778,71,0
5779,69,0
5780,68,0
5781,66,0
5782,65,0
5783,68.1666666666667,0
5784,68,0
5785,67,0
5786,67,0
5787,66,0
5788,64.5,0
5789,64,0
5790,66,0
5791,69,0
5792,71,0
5793,73,0
5794,75,0
5795,77,0
5796,78,0
5797,79,0
5798,80,0
5799,79,0
5800,76,0
5801,72,0
5802,70,0
5803,67,0
5804,66,0
5805,64,0
5806,64,0
5807,61.5,0
5808,60,0
5809,62,0
5810,61,0
5811,61,0
5812,61,0
5813,62,0
5814,65,0
5815,71,0
5816,76,0
5817,81,0
5818,86,0
5819,86,0
5820,86,0
5821,89,0
5822,87,0
5823,87,0
5824,84,0
5825,82,0
5826,76,0
5827,76,0
5828,74,0
5829,73,0
5830,72,0
5831,70.6666666666667,0
5832,70,0
5833,69,0
5834,70,0
5835,71,0
5836,70,0
5837,71,0
5838,73,0
5839,76,0
5840,79,0
5841,82,0
5842,85,0
5843,86,0
5844,86,0
5845,87,0
5846,88,0
5847,88,0
5848,87,0
5849,83,0
5850,78,0
5851,77,0
5852,76,0
5853,75,0
5854,73,0
5855,71.25,0
5856,72,0
5857,72,0
5858,71,0
5859,70,0
5860,71,0
5861,72,0
5862,73,0
5863,79,0
5864,85,0
5865,85,0
5866,89,0
5867,88,0
5868,91,0
5869,91,0
5870,92,0
5871,91,0
5872,88,0
5873,85,0
5874,78,0
5875,75,0
5876,75,0
5877,75,0
5878,75,0
5879,72.75,0
5880,72,0
5881,72,0
5882,72,0
5883,70,0
5884,70,0
5885,71,0
5886,77,0
5887,81,0
5888,87,0
5889,91,0
5890,91,0
5891,91,0
5892,94,0
5893,90,0
5894,94,0
5895,92,0
5896,90,0
5897,87,0
5898,79,0
5899,77,0
5900,75,0
5901,76,0
5902,76,0
5903,74.75,0
5904,74,0
5905,73,0
5906,73,0
5907,72,0
5908,69,0
5909,69,0
5910,77,0
5911,83,0
5912,88,0
5913,90,0
5914,92,0
5915,92,0
5916,94,0
5917,94,0
5918,92,0
5919,92,0
5920,90,0
5921,86,0
5922,79,0
5923,77,0
5924,74,0
5925,75,0
5926,73,0
5927,73.75,0
5928,73,0
5929,74,0
5930,73,0
5931,73,0
5932,72,0
5933,72,0
5934,77,0
5935,83,0
5936,87,0
5937,89,0
5938,88,0
5939,92,0
5940,94,0
5941,95,0
5942,95,0
5943,91,0
5944,92,0
5945,87,0
5946,80,0
5947,78,0
5948,78,0
5949,76,0
5950,75,0
5951,73.75,0
5952,73,0
5953,72,0
5954,71,0
5955,70,0
5956,71,0
5957,70,0
5958,71.3333333333333,0
5959,73,0
5960,76,0
5961,80,0
5962,82,0
5963,82,0
5964,82,0
5965,82,0
5966,82,0
5967,80,0
5968,78,0
5969,75,0
5970,73,0
5971,71,0
5972,71,0
5973,71,0
5974,71,0
5975,70,0.005
5976,70,0.01
5977,69,0.01
5978,69.75,0.01
5979,70,0.01
5980,69.3333333333333,0.0125
5981,69.4,0.0175
5982,70,0.03
5983,70,0.04625
5984,70.5,0.395
5985,71.5,0.395
5986,72,0.01
5987,71.25,0.115
5988,70,0.5475
5989,69,0.57
5990,69.3333333333333,0.19
5991,69,0.15
5992,69.6666666666667,0.043333333333333
5993,69.5,0.0075
5994,69,0
5995,68,0
5996,67,0
5997,66,0.005
5998,65,0.01
5999,64.5,0.025
6000,63,0.04
6001,62,0.06
6002,61,0.06
6003,60,0.05
6004,60,0.04
6005,60,0.02
6006,61,0.03
6007,61,0.02
6008,61,0.03
6009,62,0.06
6010,63,0.04
6011,63,0.03
6012,64,0.07
6013,64.5,0.025
6014,64,0.015
6015,65,0
6016,64.6666666666667,0
6017,63,0
6018,63,0
6019,62,0
6020,62,0
6021,61,0
6022,61,0
6023,60.3333333333333,0.005
6024,60,0.01
6025,60,0.01
6026,59,0.01
6027,58.5,0.01
6028,58,0
6029,58,0
6030,58,0
6031,60,0
6032,61.5,0
6033,62,0
6034,63,0
6035,66,0
6036,67,0
6037,70,0
6038,69,0
6039,68.6666666666667,0
6040,67,0
6041,67,0
6042,64,0
6043,62,0
6044,60.6666666666667,0
6045,59.3333333333333,0
6046,58.3333333333333,0
6047,57.25,0
6048,57.5,0
6049,59,0
6050,58,0
6051,57,0
6052,56,0
6053,56,0
6054,58,0
6055,63,0
6056,66,0
6057,71,0
6058,75,0
6059,76,0
6060,80,0
6061,76,0
6062,80,0
6063,78,0
6064,78,0
6065,71,0
6066,67,0
6067,64,0
6068,64,0
6069,61,0
6070,60,0
6071,58.75,0
6072,58,0
6073,57,0
6074,56,0
6075,56,0
6076,56,0
6077,56,0
6078,60,0
6079,66,0
6080,72,0
6081,76,0
6082,79,0
6083,80,0
6084,81,0
6085,81,0
6086,81,0
6087,81,0
6088,81,0
6089,75,0
6090,67,0
6091,64,0
6092,62,0
6093,62,0
6094,60,0
6095,59.25,0
6096,60,0
6097,57,0
6098,55,0
6099,56,0
6100,54,0
6101,54,0
6102,60,0
6103,66,0
6104,71,0
6105,75,0
6106,77,0
6107,79,0
6108,80,0
6109,82,0
6110,83,0
6111,82,0
6112,79,0
6113,73,0
6114,68,0
6115,64,0
6116,62,0
6117,61,0
6118,58,0
6119,58,0
6120,58,0
6121,57,0
6122,57,0
6123,57,0
6124,57,0
6125,57,0
6126,62,0
6127,67,0
6128,72,0
6129,75,0
6130,77,0
6131,80,0
6132,81,0
6133,83,0
6134,84,0
6135,84,0
6136,83,0
6137,77,0
6138,72,0
6139,70,0
6140,68,0
6141,66,0
6142,65,0
6143,64,0
6144,64,0
6145,63,0
6146,63,0
6147,62,0
6148,63,0
6149,64,0
6150,69,0
6151,73,0
6152,79,0
6153,84,0
6154,86,0
6155,88,0
6156,88,0
6157,88,0
6158,90,0
6159,90,0
6160,87,0
6161,81,0
6162,76,0
6163,73,0
6164,72,0
6165,73,0
6166,70,0
6167,69,0
6168,69,0
6169,68,0
6170,68,0
6171,66,0
6172,66,0
6173,66,0
6174,70,0
6175,75,0
6176,80,0
6177,83,0
6178,85,0
6179,87,0
6180,88,0
6181,90,0
6182,90,0
6183,89,0
6184,87,0
6185,82,0
6186,77,0
6187,75,0
6188,75,0
6189,74,0
6190,71,0
6191,71,0
6192,71,0
6193,70,0
6194,70,0
6195,69,0
6196,68,0
6197,68,0
6198,71,0
6199,76,0
6200,82,0
6201,85,0
6202,89,0
6203,91,0
6204,91,0
6205,92,0
6206,91,0
6207,90,0
6208,88,0
6209,83,0
6210,74,0
6211,73,0
6212,71,0
6213,71,0
6214,70,0
6215,67.75,0
6216,67,0
6217,67,0
6218,67,0
6219,66,0
6220,66,0
6221,65,0
6222,72,0
6223,77,0
6224,82,0
6225,87,0
6226,89,0
6227,91,0
6228,93,0
6229,94,0
6230,92,0
6231,92,0
6232,89,0
6233,82,0
6234,80,0
6235,78,0
6236,75,0
6237,70,0
6238,71,0
6239,69.25,0
6240,67,0
6241,66,0
6242,66,0
6243,64,0
6244,64,0
6245,65,0
6246,71,0
6247,77,0
6248,84,0
6249,88,0
6250,91,0
6251,90,0
6252,90,0
6253,92,0
6254,92,0
6255,88,0
6256,87,0
6257,82,0
6258,78,0
6259,75,0
6260,72,0
6261,73,0
6262,73,0
6263,70.75,0
6264,70,0
6265,69,0
6266,68,0
6267,67,0
6268,67,0
6269,67,0
6270,69,0
6271,74,0
6272,79,0
6273,85,0
6274,89,0
6275,90,0
6276,90,0
6277,94,0
6278,92,0
6279,91,0
6280,88,0
6281,84.6666666666667,0
6282,79,0
6283,75,0
6284,74,0
6285,73,0
6286,72,0
6287,69.75,0
6288,69,0
6289,69,0
6290,71,0
6291,72,0
6292,72,0
6293,71,0
6294,76,0
6295,81,0
6296,86,0
6297,90,0
6298,92,0
6299,91,0.035
6300,88,0.07
6301,92,0.0525
6302,93,0.035
6303,93,0.0175
6304,91,0
6305,87,0
6306,83,0
6307,82,0
6308,80,0
6309,78,0
6310,77,0
6311,77.5,0
6312,76,0
6313,76,0
6314,75,0
6315,75,0
6316,77,0
6317,76.5,0.0025
6318,74.75,0.0075
6319,73,0.008333333333333
6320,79,0.006666666666667
6321,78.3333333333333,0.003333333333333
6322,79,0
6323,82,0
6324,81,0
6325,81,0
6326,79,0
6327,75,0
6328,72,0
6329,68,0
6330,65,0
6331,66,0
6332,64,0
6333,63,0
6334,60,0
6335,59.75,0
6336,59,0
6337,58,0
6338,57,0
6339,56,0
6340,55,0
6341,55,0
6342,56,0
6343,57,0
6344,58,0
6345,60,0
6346,63,0
6347,64,0
6348,64,0
6349,66,0
6350,68,0
6351,68,0
6352,66,0
6353,60,0
6354,56,0
6355,55,0
6356,53,0
6357,51,0
6358,51,0
6359,50.25,0
6360,51,0
6361,51,0
6362,51,0
6363,52,0
6364,51,0
6365,50,0
6366,53,0
6367,58,0
6368,63,0
6369,69,0
6370,73,0
6371,75,0
6372,77,0
6373,78,0
6374,79,0
6375,78,0
6376,76,0
6377,69,0
6378,66,0
6379,65,0
6380,63,0
6381,61,0
6382,59,0
6383,59,0
6384,59,0
6385,59,0
6386,59.5,0
6387,61,0
6388,62,0
6389,61.5,0
6390,61.5,0
6391,64,0
6392,66,0
6393,68,0
6394,68,0
6395,72.6666666666667,0
6396,74.5,0
6397,74,0
6398,75,0
6399,76,0
6400,73,0
6401,72.3333333333333,0
6402,71,0
6403,71,0
6404,71,0
6405,70,0.01
6406,69.75,0.008076923076923
6407,70,0.004230769230769
6408,71,0.000769230769231
6409,71.5,0
6410,72,0
6411,72,0
6412,71,0
6413,70.3333333333333,0
6414,70.2,0
6415,70,0.025
6416,69.3333333333333,0.024545454545455
6417,71.25,0.015
6418,73.5,0.004090909090909
6419,79.5,0
6420,84,0
6421,84,0
6422,80,0.02
6423,73,0.48
6424,74.6666666666667,0.196666666666667
6425,71,0
6426,71,0
6427,72,0.13
6428,68.5,0.1575
6429,67,0.01
6430,66.6666666666667,0.003333333333333
6431,64.25,0
6432,63.5,0
6433,62,0.00375
6434,59,0.0125
6435,57.25,0.01125
6436,55.5,0.0025
6437,53,0
6438,53,0
6439,56,0
6440,60,0
6441,62,0
6442,65,0
6443,68,0
6444,68,0
6445,69,0
6446,69,0
6447,68,0
6448,67,0
6449,60,0
6450,59,0
6451,57,0
6452,53,0
6453,52,0
6454,52,0
6455,52.75,0
6456,52,0
6457,47,0
6458,50,0
6459,50,0
6460,50,0
6461,50,0
6462,50,0
6463,58,0
6464,63,0
6465,64,0
6466,65,0
6467,66,0
6468,67,0
6469,67,0
6470,69,0
6471,69,0
6472,67,0
6473,58,0
6474,55,0
6475,54,0
6476,55,0
6477,54,0
6478,51,0
6479,51,0
6480,51,0
6481,51,0
6482,50,0
6483,50,0
6484,51,0
6485,48,0
6486,53,0
6487,58,0
6488,63,0
6489,69,0
6490,71,0
6491,73,0
6492,75,0
6493,76,0
6494,73,0
6495,71,0
6496,61,0
6497,56,0
6498,53,0
6499,51,0
6500,51,0
6501,51,0
6502,50,0
6503,48.75,0
6504,48,0
6505,46,0
6506,48,0
6507,49,0
6508,49,0
6509,49,0
6510,49,0
6511,51,0
6512,51,0
6513,56,0
6514,57,0
6515,57,0
6516,58,0
6517,59,0
6518,58,0
6519,59,0
6520,59,0
6521,58,0
6522,57,0
6523,57,0
6524,55,0
6525,54,0
6526,54,0
6527,54.25,0
6528,55,0
6529,57,0
6530,57,0
6531,56,0
6532,55,0
6533,54,0
6534,59,0
6535,64,0
6536,72,0
6537,77,0
6538,81,0
6539,82,0
6540,84,0
6541,84,0
6542,84,0
6543,82,0
6544,79,0
6545,70,0
6546,67,0
6547,66,0
6548,64,0
6549,63,0
6550,65,0
6551,61.6666666666667,0
6552,61,0
6553,58,0
6554,57,0
6555,56,0
6556,56,0
6557,58,0
6558,62,0
6559,68,0
6560,75,0
6561,79,0
6562,83,0
6563,84,0
6564,85,0
6565,84,0
6566,84,0
6567,82,0
6568,80,0
6569,76,0
6570,72,0
6571,72,0
6572,71,0
6573,71,0
6574,70,0
6575,69.75,0
6576,69,0
6577,69,0
6578,68,0
6579,68,0
6580,67,0
6581,67,0
6582,68,0
6583,70.5,0
6584,76,0
6585,77,0
6586,78,0
6587,78,0
6588,80.5,0
6589,80.5,0
6590,81.5,0
6591,82,0
6592,78,0
6593,73,0
6594,70,0
6595,69,0
6596,67,0
6597,66,0
6598,66,0
6599,65.25,0
6600,66,0
6601,66,0
6602,67,0
6603,66,0
6604,68,0
6605,68,0
6606,69,0
6607,75,0
6608,81,0
6609,84,0
6610,85,0
6611,86,0
6612,86,0
6613,89,0
6614,89,0
6615,88,0
6616,84,0
6617,81,0
6618,78,0
6619,77,0
6620,78,0
6621,77,0
6622,77,0
6623,78,0
6624,78,0
6625,77,0
6626,77,0
6627,76,0
6628,75.5,0
6629,71.6666666666667,0
6630,66.5,0
6631,65.5,0
6632,64.75,0
6633,68,0
6634,70,0
6635,72.5,0
6636,71,0
6637,70,0
6638,69,0
6639,68,0
6640,65,0
6641,61,0
6642,58,0
6643,56,0
6644,55,0
6645,52,0.01
6646,53,0
6647,53.25,0.0025
6648,54,0.015
6649,54,0.026666666666667
6650,53.6666666666667,0.024285714285714
6651,54.2,0.013428571428572
6652,55.3333333333333,0.006666666666667
6653,56,0.001666666666667
6654,59,0
6655,62,0
6656,61,0
6657,65,0
6658,69,0
6659,75.5,0
6660,80.5,0
6661,83,0
6662,82,0
6663,81,0
6664,81,0
6665,74,0
6666,75,0
6667,72,0
6668,72,0
6669,72,0
6670,73,0
6671,72.75,0
6672,72,0
6673,71,0
6674,72,0
6675,72,0
6676,73,0
6677,71,0
6678,73,0
6679,74,0
6680,82,0
6681,82,0
6682,82,0
6683,87,0
6684,74.3333333333333,0.133333333333333
6685,68.8,0.106
6686,69,0.02
6687,70,0.01
6688,70,0
6689,67,0
6690,69.6666666666667,0
6691,67.5,0
6692,63.3333333333333,0
6693,62,0
6694,60,0
6695,60,0
6696,60,0
6697,60.3333333333333,0
6698,60,0
6699,60,0
6700,59.5,0
6701,59,0
6702,59.3333333333333,0
6703,60.6666666666667,0
6704,62.6666666666667,0
6705,65,0
6706,71,0
6707,76.5,0
6708,83,0
6709,84,0
6710,85,0
6711,84,0
6712,82,0
6713,77,0
6714,77,0
6715,71,0
6716,68,0
6717,67,0
6718,66,0
6719,65.25,0
6720,66,0
6721,65,0
6722,65,0
6723,64,0
6724,64,0
6725,64,0
6726,69,0
6727,73,0
6728,79,0
6729,84,0
6730,86,0
6731,87,0
6732,88,0
6733,88,0
6734,88,0
6735,86,0
6736,83,0
6737,77,0
6738,75,0
6739,74,0
6740,73,0
6741,72,0
6742,71,0
6743,71,0
6744,71,0
6745,71,0
6746,70,0
6747,70,0
6748,70,0
6749,69,0
6750,70,0
6751,74,0
6752,79,0
6753,82,0
6754,85,0
6755,85,0
6756,87,0
6757,86,0
6758,84,0
6759,83,0
6760,81,0
6761,78,0
6762,75,0
6763,73,0
6764,74,0
6765,74,0
6766,73,0
6767,71.75,0
6768,71,0
6769,70,0
6770,70,0
6771,70,0
6772,70,0
6773,71,0
6774,71,0
6775,70,0.0475
6776,71.5,0.0125
6777,70.5,0.01125
6778,70,0.02625
6779,71.3333333333333,0.01
6780,72.3333333333333,0.008571428571429
6781,74.4,0.002857142857143
6782,68.6,0.06
6783,71.25,0.0225
6784,67,0
6785,64,0
6786,60,0
6787,56,0
6788,57,0
6789,55,0
6790,53,0
6791,51.75,0
6792,51,0
6793,50,0
6794,49,0
6795,48,0
6796,47,0
6797,47,0
6798,45,0
6799,47,0
6800,46,0
6801,49,0
6802,50,0
6803,53,0
6804,54,0
6805,55,0
6806,54,0
6807,53,0
6808,50,0
6809,46,0
6810,44,0
6811,42,0
6812,39,0
6813,40,0
6814,38,0
6815,35.75,0
6816,35,0
6817,35,0
6818,34,0
6819,33,0
6820,34,0
6821,31,0
6822,34,0
6823,40,0
6824,41,0
6825,41,0
6826,42,0
6827,41,0.005
6828,41,0.0125
6829,38,0.02
6830,36.3333333333333,0.043333333333333
6831,34,0.03
6832,35.5,0.0125
6833,37,0.007
6834,38,0.004
6835,38,0.002
6836,38,0
6837,39,0
6838,39,0
6839,35.5,0
6840,34,0
6841,34,0
6842,35.3333333333333,0
6843,37,0
6844,37,0
6845,37,0
6846,37,0
6847,38,0
6848,38,0
6849,39,0
6850,41,0
6851,42.5,0
6852,45.3333333333333,0
6853,50,0
6854,51,0
6855,50,0
6856,49,0
6857,46,0
6858,46,0
6859,44,0
6860,43,0
6861,44,0
6862,43,0
6863,41.25,0
6864,42,0
6865,43,0
6866,43,0
6867,43.5,0
6868,44,0
6869,45,0
6870,46,0
6871,48,0
6872,49.5,0
6873,53.5,0
6874,57,0
6875,59,0
6876,59,0
6877,59,0
6878,59,0
6879,59,0
6880,58.5,0
6881,56.5,0
6882,55.75,0
6883,55,0
6884,54,0.005
6885,52,0.01
6886,50,0.0075
6887,48.75,0.004375
6888,49,0.02
6889,48,0.0125
6890,46.6,0.012
6891,46,0.007142857142857
6892,43,0.004285714285714
6893,41.3333333333333,0.001428571428571
6894,39.3333333333333,0
6895,38,0
6896,39,0
6897,41.5,0
6898,43,0
6899,43,0
6900,45,0
6901,49,0
6902,49,0
6903,47,0
6904,46,0
6905,41,0
6906,38,0
6907,37,0
6908,35,0
6909,36,0
6910,34,0
6911,30.75,0
6912,30,0
6913,29,0
6914,28,0
6915,29,0
6916,28,0
6917,26,0
6918,30,0
6919,38,0
6920,44,0
6921,47,0
6922,51,0
6923,54,0
6924,56,0
6925,57,0
6926,58,0
6927,57,0
6928,54,0
6929,49,0
6930,45,0
6931,45,0
6932,42,0
6933,40,0
6934,41,0
6935,39,0
6936,39,0
6937,38,0
6938,37,0
6939,37,0
6940,36,0
6941,35,0
6942,40,0
6943,47,0
6944,50,0
6945,52,0
6946,53,0
6947,53,0
6948,54,0
6949,54,0
6950,54,0
6951,53,0
6952,49,0
6953,40,0
6954,38,0
6955,37,0
6956,40,0
6957,35,0
6958,36,0
6959,37.75,0
6960,37,0
6961,31,0
6962,30,0
6963,31,0
6964,30,0
6965,29,0
6966,32,0
6967,42,0
6968,47,0
6969,51,0
6970,54,0
6971,55,0
6972,58,0
6973,58,0
6974,59,0
6975,59,0
6976,51,0
6977,45,0
6978,41,0
6979,42,0
6980,39,0
6981,38,0
6982,37,0
6983,37.5,0
6984,39,0
6985,37,0
6986,40,0
6987,41,0
6988,41,0
6989,41,0
6990,43,0
6991,47,0
6992,49,0
6993,52,0
6994,54,0
6995,54,0
6996,56,0
6997,57,0
6998,55,0
6999,54,0
7000,53.6666666666667,0
7001,52.5,0
7002,53,0
7003,53.5,0
7004,51,0
7005,50,0
7006,50,0
7007,48.6666666666667,0
7008,47,0
7009,46,0
7010,45,0
7011,45,0
7012,42,0
7013,40,0
7014,42,0
7015,47,0
7016,52,0
7017,56,0
7018,58,0
7019,60,0
7020,60,0
7021,57,0
7022,51,0
7023,47,0
7024,43,0
7025,40,0
7026,36,0
7027,33,0
7028,32,0
7029,30,0
7030,28,0
7031,25.75,0
7032,28,0
7033,26,0
7034,25,0
7035,25,0
7036,22,0
7037,23,0
7038,27,0
7039,36,0
7040,40,0
7041,43,0
7042,46,0
7043,47,0
7044,51,0
7045,52,0
7046,53,0
7047,52,0
7048,48,0
7049,40,0
7050,39,0
7051,39,0
7052,38,0
7053,35,0
7054,36,0
7055,34.25,0
7056,35,0
7057,36,0
7058,37,0
7059,34,0
7060,35,0
7061,38,0
7062,39,0
7063,46,0
7064,52,0
7065,57,0
7066,61,0
7067,63,0
7068,66,0
7069,68,0
7070,68,0
7071,65,0
7072,58,0
7073,56,0
7074,54,0
7075,52,0
7076,46,0
7077,48,0
7078,46,0
7079,43.25,0
7080,44,0
7081,39,0
7082,39,0
7083,38,0
7084,35,0
7085,39,0
7086,40,0
7087,46,0
7088,49,0
7089,52,0
7090,54,0
7091,56,0
7092,58,0
7093,58,0
7094,57,0
7095,56,0
7096,51,0
7097,43,0
7098,42,0
7099,45,0
7100,39,0
7101,39,0
7102,38,0
7103,37,0
7104,37,0
7105,37,0
7106,34,0
7107,36,0
7108,33,0
7109,34,0
7110,37,0
7111,41,0
7112,44,0
7113,48,0
7114,51,0
7115,53,0
7116,54,0
7117,54,0
7118,55,0
7119,53,0
7120,46,0
7121,43,0
7122,42,0
7123,43,0
7124,41,0
7125,40,0
7126,39,0
7127,39.5,0
7128,38,0
7129,39,0
7130,39,0
7131,40,0
7132,39,0
7133,39,0
7134,40,0
7135,43,0
7136,45,0
7137,47,0
7138,51,0
7139,53,0
7140,57,0
7141,57,0
7142,56,0
7143,55,0
7144,53,0
7145,52,0
7146,50,0
7147,49,0
7148,49,0
7149,48,0
7150,48,0
7151,47.5,0.005
7152,46,0.01
7153,45,0.01
7154,45,0.03
7155,44,0.03
7156,44.5,0.03
7157,44.5,0.0375
7158,44,0.05
7159,45,0.045
7160,45.1666666666667,0.04
7161,45.75,0.0175
7162,46.5,0.025
7163,47,0.015
7164,47,0.015
7165,48,0.02
7166,48,0.01
7167,48,0
7168,47,0
7169,47,0
7170,46,0
7171,46,0
7172,46,0
7173,45,0
7174,45,0
7175,45,0
7176,45,0
7177,45,0
7178,45,0
7179,44,0
7180,45,0
7181,41,0
7182,38.5,0
7183,44.3333333333333,0
7184,49,0
7185,51,0
7186,54,0
7187,55,0
7188,54,0
7189,58,0
7190,56,0
7191,55,0
7192,50,0
7193,47,0
7194,47,0
7195,40,0
7196,40,0
7197,41,0
7198,42,0
7199,43.75,0
7200,46,0
7201,46,0
7202,47,0
7203,47,0
7204,49,0
7205,48,0.02
7206,49,0
7207,51,0
7208,55,0
7209,57,0
7210,58,0
7211,60,0
7212,58,0
7213,57,0
7214,55,0
7215,54,0
7216,51,0
7217,51,0
7218,51,0
7219,50,0
7220,48,0
7221,43,0
7222,40,0
7223,37.75,0
7224,37,0
7225,36,0
7226,35,0
7227,34,0
7228,35,0
7229,34,0
7230,34,0
7231,41,0
7232,49,0
7233,54,0
7234,57,0
7235,59,0
7236,60,0
7237,61,0
7238,62,0
7239,61,0
7240,53,0
7241,47,0
7242,47,0
7243,43,0
7244,42,0
7245,41,0
7246,40,0
7247,42.25,0
7248,43,0
7249,45,0
7250,47,0
7251,49,0
7252,49,0
7253,49,0
7254,51,0
7255,53,0
7256,58,0
7257,64,0
7258,68,0
7259,72,0
7260,72,0
7261,75,0
7262,72,0
7263,71,0
7264,70,0
7265,67,0
7266,66,0
7267,66,0
7268,65,0
7269,65,0
7270,65,0
7271,65.75,0
7272,65,0
7273,64.5,0
7274,58,0.191428571428571
7275,56.5,0.11
7276,54,0.02
7277,52,0.015
7278,52,0.01
7279,52,0.0025
7280,51,0
7281,53.25,0
7282,52.5,0
7283,52,0
7284,53,0
7285,54,0
7286,53.5,0
7287,53,0
7288,53,0
7289,52,0
7290,52,0
7291,53,0
7292,52,0
7293,51,0
7294,51,0
7295,49.3333333333333,0.01
7296,48,0.02
7297,47,0.06
7298,47,0.09
7299,46,0.13
7300,45,0.11
7301,45,0.06
7302,44,0.06
7303,44,0.06
7304,44,0.026666666666667
7305,44.3333333333333,0.01
7306,45,0.013
7307,45.5,0.017
7308,45,0.02
7309,44.3333333333333,0.06
7310,44,0.05
7311,44,0.032
7312,43,0.07
7313,43.6666666666667,0.05
7314,43.3333333333333,0.03
7315,43,0.045
7316,43,0.013333333333333
7317,43,0.01
7318,42.5,0.005
7319,41.75,0
7320,41,0
7321,41,0
7322,41,0
7323,37,0
7324,36,0
7325,34,0
7326,34,0
7327,37,0
7328,42,0
7329,46,0
7330,47,0
7331,48,0
7332,48,0
7333,49,0
7334,49,0
7335,48,0
7336,46,0
7337,46,0
7338,45,0
7339,44,0
7340,44,0
7341,42,0
7342,41,0
7343,40.5,0
7344,39,0
7345,40,0
7346,39,0
7347,36,0
7348,37,0
7349,35,0
7350,37,0
7351,40,0
7352,43,0
7353,45.25,0
7354,50,0
7355,53.5,0
7356,53.5,0
7357,53,0
7358,54,0
7359,52,0
7360,51,0
7361,50,0
7362,49,0.01
7363,49,0.0075
7364,49,0.005
7365,48,0.0025
7366,48,0
7367,47.25,0
7368,48,0
7369,48,0
7370,48,0
7371,48,0
7372,48,0
7373,48,0
7374,48,0
7375,50,0
7376,52,0
7377,52,0
7378,53,0.01
7379,54,0.013333333333333
7380,53.5,0.018333333333333
7381,54,0.05
7382,53.25,0.01375
7383,52.3333333333333,0.023333333333333
7384,52,0.06
7385,52,0.03
7386,50.5,0.0575
7387,50,0.01
7388,49.3333333333333,0.003333333333333
7389,47,0
7390,46,0
7391,45.25,0
7392,44.6666666666667,0
7393,43.6666666666667,0
7394,44.3333333333333,0
7395,44.3333333333333,0
7396,43,0
7397,44,0
7398,44,0
7399,44,0
7400,45.5,0
7401,48,0
7402,48,0
7403,50,0
7404,49,0
7405,50,0
7406,50,0
7407,48.5,0.015
7408,48.6666666666667,0.053333333333333
7409,49,0.02
7410,50,0.01
7411,50.5,0.01
7412,51,0.016666666666667
7413,53,0.02
7414,54,0.03
7415,51.875,0.015
7416,51,0
7417,50,0
7418,49,0
7419,49,0
7420,48.5,0
7421,48.5,0
7422,47,0
7423,47,0
7424,47,0
7425,47,0
7426,49,0
7427,50,0
7428,53.5,0
7429,54,0
7430,54,0
7431,53,0
7432,49,0
7433,46,0
7434,45,0
7435,43,0
7436,42,0
7437,42,0
7438,39,0
7439,36.75,0
7440,36,0
7441,35,0
7442,34,0
7443,30,0
7444,33,0
7445,33,0
7446,32,0
7447,36,0
7448,39,0
7449,40,0
7450,41,0
7451,43,0
7452,44,0
7453,45,0
7454,44,0
7455,43,0
7456,37,0
7457,34,0
7458,32,0
7459,32,0
7460,31,0
7461,28,0
7462,31,0
7463,30.25,0
7464,31.5,0
7465,33,0
7466,32,0
7467,32,0
7468,32,0
7469,31,0
7470,31,0
7471,32,0
7472,33,0
7473,35,0
7474,37,0
7475,40,0
7476,42,0
7477,42,0
7478,43,0
7479,42,0
7480,40,0
7481,40,0
7482,40,0
7483,40,0
7484,40,0
7485,39,0.003333333333333
7486,39,0.008333333333333
7487,35.5,0.0475
7488,33.8,0.054
7489,33.25,0.04
7490,33,0.014
7491,33,0.015
7492,33.25,0.01375
7493,33,0.01625
7494,33,0.010833333333333
7495,33,0.008
7496,33,0.006
7497,33,0.005
7498,32.5,0.0035
7499,33,0.0015
7500,33,0
7501,34,0
7502,33,0
7503,33,0
7504,31,0
7505,30,0
7506,29,0
7507,29,0
7508,28,0
7509,25.5,0
7510,22.5,0
7511,20.75,0
7512,20,0
7513,20,0
7514,19,0
7515,19,0
7516,19,0
7517,18,0
7518,18,0
7519,20,0
7520,22,0
7521,24,0
7522,26,0
7523,28,0
7524,29,0
7525,31,0
7526,32,0
7527,31,0
7528,27,0
7529,26,0
7530,24,0
7531,24,0
7532,25,0
7533,26,0
7534,24,0
7535,26,0
7536,26,0
7537,24,0
7538,26,0
7539,25,0
7540,25,0
7541,25,0
7542,25,0
7543,28,0
7544,32,0
7545,35,0
7546,37,0
7547,40,0
7548,41,0
7549,43,0
7550,42,0
7551,39,0
7552,34,0
7553,31,0
7554,33,0
7555,30,0
7556,31,0
7557,30,0
7558,30,0
7559,32,0
7560,32,0
7561,33,0
7562,34,0
7563,35,0
7564,36,0
7565,36,0
7566,36,0
7567,36,0
7568,37,0
7569,36,0
7570,36,0
7571,38,0
7572,36,0
7573,36,0
7574,35,0
7575,33,0
7576,32,0
7577,31,0
7578,31,0
7579,30,0
7580,29,0
7581,28,0
7582,27.6666666666667,0
7583,27,0
7584,26.6666666666667,0
7585,25,0
7586,23,0
7587,22,0
7588,21,0
7589,22,0
7590,23,0
7591,22,0
7592,21,0
7593,22,0
7594,23,0
7595,23,0
7596,25,0
7597,25,0
7598,25.6666666666667,0
7599,26,0
7600,22,0
7601,21,0
7602,20,0
7603,20,0
7604,19,0
7605,16,0
7606,15,0
7607,14.75,0
7608,14,0
7609,14,0
7610,13,0
7611,14,0
7612,15,0
7613,15,0
7614,16,0
7615,22,0
7616,25,0
7617,26,0
7618,29,0
7619,29,0
7620,30,0
7621,31,0
7622,31,0
7623,31,0
7624,29,0
7625,28,0
7626,29,0
7627,29,0
7628,29,0
7629,30,0
7630,29,0.0025
7631,28.25,0.008125
7632,28,0.015
7633,28,0.0175
7634,27.3333333333333,0.04
7635,27,0.046666666666667
7636,27,0.04
7637,27.6666666666667,0.026666666666667
7638,28,0.012857142857143
7639,28,0.002857142857143
7640,29,0
7641,29.5,0
7642,30.75,0
7643,32,0
7644,31,0
7645,31,0
7646,30.6666666666667,0
7647,30.5,0
7648,30,0
7649,30,0
7650,29,0
7651,27,0
7652,26.5,0
7653,23,0
7654,21,0
7655,22.25,0
7656,23,0
7657,24,0
7658,26,0
7659,26,0
7660,25,0
7661,26,0
7662,28.5,0
7663,30,0
7664,34,0
7665,35,0
7666,36,0
7667,37,0
7668,36.5,0
7669,35,0
7670,35,0
7671,35,0
7672,34,0
7673,34,0
7674,34,0
7675,34,0
7676,34,0
7677,34,0
7678,34,0
7679,34,0
7680,33.5,0
7681,33,0
7682,33,0
7683,32,0
7684,33,0
7685,33.5,0
7686,33,0
7687,33,0
7688,33,0
7689,35,0
7690,36,0
7691,37,0
7692,37,0
7693,38,0
7694,38,0.005
7695,37,0.01
7696,37,0
7697,37,0
7698,37,0
7699,37,0
7700,36,0
7701,36,0
7702,36,0
7703,36,0
7704,36,0
7705,36,0
7706,36,0
7707,36,0
7708,36,0
7709,36,0
7710,36,0
7711,36,0
7712,36.5,0
7713,37,0
7714,38,0
7715,39,0
7716,37,0
7717,37,0
7718,36,0
7719,36,0
7720,37,0
7721,36,0
7722,36,0
7723,35,0
7724,35,0
7725,35,0
7726,35,0
7727,35,0
7728,35,0
7729,34,0
7730,34,0
7731,34,0
7732,34,0
7733,34,0
7734,33.25,0
7735,33,0
7736,33,0
7737,34,0
7738,34.5,0
7739,35,0
7740,36.5,0
7741,38,0
7742,37,0
7743,36,0
7744,36,0
7745,35,0
7746,35,0
7747,35.5,0
7748,36,0
7749,36,0
7750,35.6666666666667,0
7751,32.75,0
7752,32,0
7753,31,0
7754,30,0
7755,28.5,0
7756,27,0
7757,27,0
7758,25,0
7759,29,0
7760,30,0
7761,33,0
7762,33,0
7763,33.5,0
7764,36,0
7765,36,0
7766,35,0
7767,34,0
7768,30,0
7769,29,0
7770,29,0
7771,28,0
7772,29,0
7773,28,0
7774,28,0
7775,28,0
7776,28,0
7777,28,0
7778,29,0
7779,28,0
7780,28,0
7781,27,0
7782,27,0
7783,29,0
7784,33,0
7785,38,0
7786,41,0
7787,42,0
7788,43,0
7789,43,0
7790,43,0
7791,41,0
7792,36,0
7793,34,0
7794,33,0
7795,32,0
7796,31,0
7797,31,0
7798,31,0
7799,29.75,0
7800,29,0
7801,28,0
7802,28,0
7803,27,0
7804,27,0
7805,28,0
7806,27,0
7807,30,0
7808,34,0
7809,38,0
7810,42,0
7811,46,0
7812,50,0
7813,52,0
7814,52,0
7815,50,0
7816,41,0
7817,37,0
7818,37,0
7819,33,0
7820,34,0
7821,36,0
7822,32,0
7823,33.5,0
7824,35,0
7825,34,0
7826,34,0
7827,34,0
7828,34,0
7829,33,0
7830,34,0
7831,36,0
7832,40,0
7833,47,0
7834,46,0
7835,48,0
7836,48,0
7837,50,0
7838,49,0.01
7839,46,0.02
7840,45,0.03
7841,44,0.09
7842,43,0.01
7843,44,0
7844,44.6666666666667,0.035
7845,45,0.02
7846,44.3333333333333,0.04
7847,44.625,0.02125
7848,46,0.04
7849,46,0.02
7850,46,0.01
7851,46,0.02
7852,46,0.015
7853,46,0.0075
7854,46,0
7855,46,0
7856,47,0
7857,49,0
7858,50.6666666666667,0
7859,53,0
7860,55,0
7861,56,0
7862,55,0
7863,53,0
7864,47,0
7865,46,0
7866,44,0
7867,42,0
7868,41,0
7869,40,0
7870,42,0
7871,41,0
7872,41,0
7873,40,0
7874,40,0
7875,41,0
7876,40,0
7877,40,0
7878,40,0
7879,40.5,0
7880,43,0
7881,45,0
7882,48.5,0
7883,51.5,0
7884,53.6666666666667,0
7885,54,0
7886,54,0
7887,52.5,0.04
7888,51.5,0.0375
7889,51,0.06
7890,49,0.17
7891,48,0.165
7892,48,0.08
7893,48,0.03
7894,47.25,0.018076923076923
7895,44,0.014615384615385
7896,40.5,0.011923076923077
7897,36,0.010769230769231
7898,35,0.01
7899,33.75,0.01
7900,31,0.01
7901,30.75,0.007727272727273
7902,29,0.005454545454545
7903,28,0.004545454545455
7904,27.5,0.003181818181818
7905,28,0.001818181818182
7906,28,0.000909090909091
7907,28,0
7908,29,0
7909,29,0
7910,29,0
7911,28,0
7912,27,0
7913,26,0
7914,25,0
7915,24,0
7916,23,0
7917,23,0
7918,23,0
7919,23,0
7920,23,0
7921,23,0
7922,22,0
7923,22,0
7924,21,0
7925,19.5,0
7926,19.75,0
7927,19,0
7928,20,0
7929,20.5,0
7930,22,0
7931,22,0
7932,23,0
7933,22,0
7934,22,0
7935,22,0
7936,21,0
7937,19,0
7938,18.5,0
7939,16,0
7940,15.5,0
7941,15,0
7942,16,0
7943,19.25,0
7944,20,0
7945,20,0
7946,20,0
7947,17,0
7948,15,0
7949,15,0
7950,13,0
7951,17,0
7952,19,0
7953,23,0
7954,25,0
7955,27,0
7956,28,0
7957,29,0
7958,29,0
7959,29,0
7960,29,0
7961,28,0
7962,28,0
7963,28,0
7964,28,0
7965,28,0
7966,28,0
7967,29,0
7968,29,0
7969,28,0
7970,29,0
7971,29,0
7972,29,0
7973,26,0
7974,25,0
7975,28,0
7976,32,0
7977,35,0
7978,39,0
7979,40,0
7980,42,0
7981,41,0
7982,41,0
7983,40,0
7984,38,0
7985,37,0
7986,36,0
7987,34,0
7988,33.5,0
7989,35,0
7990,34,0
7991,33.3333333333333,0
7992,30,0
7993,33,0
7994,30,0
7995,29,0
7996,28,0
7997,28.6666666666667,0
7998,28,0
7999,30,0
8000,36,0
8001,39,0
8002,42,0
8003,45,0
8004,47,0
8005,48,0
8006,47,0
8007,46,0
8008,42,0
8009,40,0
8010,39,0
8011,37,0
8012,37,0
8013,37,0
8014,37,0
8015,37.8,0
8016,39,0
8017,39.6666666666667,0
8018,40,0
8019,41,0.06
8020,42,0.045
8021,43,0.16
8022,44,0.19
8023,46,0.055
8024,48,0.005
8025,51,0
8026,53,0.04
8027,55,0.03
8028,58,0.003333333333333
8029,57.6666666666667,0.01
8030,58,0.0025
8031,57.3333333333333,0
8032,57,0
8033,55.5,0
8034,56,0
8035,56,0
8036,57,0
8037,53.5,0.1125
8038,52,0.0075
8039,48.75,0
8040,48,0
8041,48,0
8042,48,0
8043,49,0
8044,48,0
8045,48,0
8046,44,0
8047,43,0
8048,44,0
8049,43.5,0
8050,43,0.01
8051,41.3333333333333,0.025
8052,41,0
8053,40,0
8054,40,0
8055,40,0.005
8056,39,0.01
8057,39,0.01
8058,39,0.01
8059,39,0.0025
8060,38.5,0
8061,37.25,0
8062,37,0
8063,36.2,0
8064,36,0
8065,36,0
8066,36,0
8067,35,0.001
8068,34.6,0.004
8069,34,0.0075
8070,33.6,0.0128
8071,33,0.015
8072,33.5,0.014
8073,34.5,0.006
8074,36,0
8075,35,0
8076,35.1666666666667,0
8077,35,0
8078,35.5,0
8079,35,0
8080,34.5,0
8081,33.5,0
8082,33.3333333333333,0
8083,32.5,0
8084,32,0
8085,32,0
8086,31,0
8087,31,0
8088,31,0
8089,30,0
8090,30,0
8091,30,0
8092,30,0
8093,30,0
8094,30,0
8095,29,0
8096,30,0
8097,30,0
8098,30,0
8099,30,0
8100,30,0
8101,30,0
8102,29,0
8103,29.5,0
8104,29,0
8105,29,0
8106,29,0.001111111111111
8107,28,0.003333333333333
8108,28,0.009814814814815
8109,28,0.01375
8110,28.3333333333333,0.005
8111,27.75,0
8112,27,0
8113,27,0
8114,27,0
8115,27,0
8116,26,0
8117,25.5,0
8118,25,0
8119,25,0
8120,26,0
8121,27,0
8122,29,0
8123,31,0
8124,31,0
8125,33,0
8126,33,0
8127,33,0
8128,31,0
8129,29,0
8130,30,0
8131,29,0
8132,30,0
8133,30,0
8134,31,0
8135,31,0
8136,31,0
8137,31,0
8138,33,0
8139,33,0
8140,33,0
8141,32,0
8142,33,0
8143,34,0
8144,34,0.0025
8145,33.25,0.009375
8146,32,0.02
8147,30.8,0.011
8148,30,0.01
8149,30,0.008571428571429
8150,30,0.006428571428571
8151,29,0.002142857142857
8152,24,0
8153,21,0
8154,21,0
8155,17,0
8156,16.6,0
8157,17,0
8158,14,0
8159,15.0833333333333,0
8160,15.25,0
8161,14.5,0
8162,10.5,0
8163,7.83333333333333,0
8164,9.2,0
8165,10,0
8166,6,0
8167,10,0
8168,16,0
8169,20,0
8170,22,0
8171,24,0
8172,25,0
8173,26,0
8174,25,0
8175,23,0
8176,20,0
8177,18,0
8178,21,0
8179,19,0
8180,18,0
8181,16,0
8182,17,0
8183,16,0
8184,16,0
8185,17,0
8186,19,0
8187,19,0
8188,18,0
8189,17,0
8190,12,0
8191,14,0
8192,17,0
8193,20,0
8194,24,0
8195,25,0
8196,25.5,0
8197,26,0
8198,26,0
8199,25,0
8200,22,0
8201,17,0
8202,19,0
8203,20,0
8204,19,0
8205,19,0
8206,19,0
8207,19,0
8208,19,0
8209,19,0
8210,18,0
8211,18,0
8212,17,0
8213,16,0
8214,17,0
8215,18,0
8216,20,0
8217,24,0
8218,28,0
8219,30,0
8220,32,0
8221,33,0
8222,33,0
8223,31,0
8224,26,0
8225,22,0
8226,21,0
8227,20,0
8228,20,0
8229,21,0
8230,21,0
8231,15,0
8232,15,0
8233,12.3333333333333,0
8234,13.5,0
8235,11.5,0
8236,12.5,0
8237,10.4285714285714,0
8238,10.6,0
8239,12.5,0
8240,16,0
8241,20,0
8242,23,0
8243,24,0
8244,24,0
8245,24.3333333333333,0
8246,24,0
8247,23.3333333333333,0
8248,23,0
8249,24.3333333333333,0
8250,24,0
8251,22,0
8252,19.6666666666667,0
8253,17.6666666666667,0
8254,18,0
8255,20.5,0
8256,19,0
8257,21,0
8258,21,0
8259,19,0
8260,21,0
8261,21,0
8262,21,0
8263,24,0
8264,28,0
8265,31,0
8266,34,0
8267,35,0
8268,37,0
8269,39,0
8270,39,0
8271,38,0
8272,36,0
8273,34,0
8274,35,0
8275,34,0
8276,35,0
8277,35,0
8278,35,0
8279,35.25,0
8280,36,0
8281,36,0
8282,36,0
8283,36,0
8284,36,0
8285,35,0
8286,34,0
8287,34,0
8288,37,0
8289,40,0
8290,42,0
8291,43,0
8292,43,0
8293,44,0
8294,44,0
8295,41,0
8296,35,0
8297,35,0
8298,31,0
8299,31,0
8300,26,0
8301,30,0
8302,28,0
8303,30,0
8304,30,0
8305,29,0
8306,27,0
8307,28,0
8308,29.6666666666667,0
8309,32.5,0
8310,32.6666666666667,0
8311,31.5,0
8312,34.3333333333333,0
8313,37,0
8314,38,0
8315,38.5,0
8316,40,0
8317,40.3333333333333,0
8318,40.3333333333333,0
8319,41,0.06
8320,41,0.03
8321,42,0.01
8322,42,0.04
8323,43,0.03
8324,43,0.02
8325,43,0.02
8326,43,0.02
8327,44,0.015
8328,44,0.043333333333333
8329,43.5,0.02
8330,44.25,0.02375
8331,44,0.013333333333333
8332,44,0.0025
8333,44,0
8334,44.6666666666667,0
8335,44,0
8336,44,0
8337,44,0
8338,43,0
8339,45,0
8340,45,0
8341,45,0
8342,45,0
8343,44,0
8344,43,0
8345,41.6666666666667,0
8346,40,0
8347,40,0
8348,40,0
8349,39,0
8350,38.25,0
8351,38,0
8352,38,0
8353,38,0
8354,39,0
8355,38,0
8356,38,0
8357,38,0
8358,37,0
8359,37,0
8360,37,0
8361,39,0
8362,40,0
8363,42,0
8364,43,0
8365,43,0
8366,43,0
8367,43,0
8368,42,0
8369,42,0
8370,41,0
8371,39,0
8372,38,0
8373,35,0
8374,34,0
8375,33,0
8376,33,0
8377,33,0
8378,30,0
8379,30,0
8380,29,0
8381,27.5,0
8382,26,0
8383,27.3333333333333,0
8384,32.3333333333333,0
8385,37,0
8386,42,0
8387,47,0
8388,49,0
8389,51,0
8390,50,0
8391,46,0
8392,40,0
8393,36,0
8394,34,0
8395,32,0
8396,31,0
8397,31,0
8398,32,0
8399,30.75,0
8400,30,0
8401,31,0
8402,30,0
8403,30,0
8404,30,0
8405,27,0
8406,28,0
8407,32,0
8408,33,0
8409,38,0
8410,40,0
8411,41,0
8412,41,0
8413,42,0
8414,42,0
8415,40,0
8416,32,0
8417,32,0
8418,30,0
8419,29,0
8420,30,0
8421,27,0
8422,29,0
8423,27.5,0
8424,26,0
8425,25,0
8426,25,0
8427,25,0
8428,25,0
8429,24,0
8430,24,0
8431,26,0
8432,32,0
8433,35,0
8434,38,0
8435,40,0
8436,43,0
8437,44,0
8438,44,0
8439,42,0
8440,35,0
8441,33,0
8442,34,0
8443,31,0
8444,31,0
8445,32,0
8446,34,0
8447,34,0
8448,34,0
8449,34,0
8450,33,0
8451,34,0
8452,34,0
8453,34,0
8454,34,0
8455,35,0
8456,36,0
8457,40,0
8458,46,0
8459,46,0
8460,46,0
8461,50,0
8462,48.5,0
8463,47,0
8464,44,0
8465,42,0
8466,43,0
8467,40,0
8468,43,0
8469,44,0
8470,43,0
8471,43.75,0
8472,43,0
8473,44,0
8474,44,0
8475,42,0
8476,43,0
8477,43,0
8478,44,0
8479,43,0
8480,45,0
8481,46.5,0
8482,48,0
8483,49,0
8484,50,0
8485,48.5,0
8486,49,0.003333333333333
8487,48.5,0.008333333333333
8488,46,0.02
8489,46,0.03
8490,43.4,0.015
8491,41,0.01
8492,40.5,0.01
8493,39.3333333333333,0.01
8494,39,0.01
8495,38,0.01
8496,38,0.01
8497,37,0.01
8498,37,0.01
8499,37,0.0075
8500,37,0.005
8501,36,0.0025
8502,36,0
8503,35,0
8504,35,0
8505,35,0
8506,35,0
8507,35,0
8508,35,0
8509,34,0
8510,34,0
8511,33.6666666666667,0
8512,33,0
8513,32,0
8514,32,0
8515,32,0
8516,31,0
8517,31,0
8518,31,0
8519,30,0
8520,30,0
8521,30,0
8522,30,0
8523,30,0
8524,29,0
8525,29,0
8526,29,0
8527,30,0
8528,30,0
8529,31,0
8530,34.5,0
8531,38,0
8532,42,0
8533,43,0
8534,42,0
8535,41,0
8536,38,0
8537,37,0
8538,37,0
8539,36,0
8540,36,0
8541,35,0
8542,32,0
8543,32.5,0
8544,32,0
8545,31.5,0
8546,31,0
8547,30.5,0
8548,29.5,0
8549,29,0
8550,28.5,0
8551,30.5,0
8552,31,0
8553,32,0
8554,34,0
8555,34,0
8556,36.6666666666667,0
8557,40,0
8558,40,0
8559,38,0
8560,32,0
8561,31,0
8562,31,0
8563,31,0
8564,28,0
8565,27,0
8566,27,0
8567,26.75,0
8568,26,0
8569,25,0
8570,25,0
8571,24,0
8572,23,0
8573,22,0
8574,20,0
8575,22,0
8576,29,0
8577,33,0
8578,36,0
8579,38,0
8580,40,0
8581,40,0
8582,41,0
8583,36,0
8584,35,0
8585,33,0
8586,32,0
8587,33,0
8588,33,0
8589,33,0
8590,33,0
8591,32.75,0
8592,32,0
8593,33,0
8594,33,0
8595,35,0
8596,38,0
8597,36.6666666666667,0
8598,35,0
8599,33,0
8600,38,0
8601,40,0
8602,44,0
8603,45,0
8604,47,0
8605,47,0
8606,47,0
8607,45,0
8608,38,0
8609,34,0
8610,33,0
8611,33,0
8612,32,0
8613,30,0
8614,30,0
8615,30.25,0
8616,28,0
8617,28,0
8618,28,0
8619,27,0
8620,26,0
8621,24,0
8622,25,0
8623,27,0
8624,33,0
8625,38,0
8626,41,0
8627,43,0
8628,45,0
8629,45,0
8630,45,0
8631,43,0
8632,39,0
8633,37,0
8634,37,0
8635,38,0
8636,38,0
8637,39,0
8638,39,0
8639,39.25,0
8640,40,0
8641,40,0
8642,40,0
8643,40,0
8644,41,0
8645,40,0.06
8646,41,0.06
8647,42.25,0.0975
8648,42.75,0.125
8649,43.5,0.015
8650,46,0.03
8651,47,0.015
8652,48,0.0125
8653,49.5,0.00875
8654,52,0.005
8655,52,0.00125
8656,52,0
8657,53,0
8658,52,0
8659,52.75,0.02375
8660,52.6666666666667,0.025
8661,52,0
8662,52,0
8663,51,0
8664,51,0
8665,51,0
8666,51.25,0
8667,48.6666666666667,0
8668,44.3333333333333,0
8669,38.6666666666667,0
8670,36,0
8671,35,0
8672,33,0
8673,33,0
8674,33,0
8675,32,0
8676,32,0
8677,31,0
8678,31,0
8679,31,0
8680,30.5,0
8681,30,0
8682,30,0
8683,30,0
8684,29,0
8685,29,0
8686,29,0
8687,28,0
8688,27.5,0
8689,27,0
8690,26,0
8691,26,0
8692,25,0
8693,25,0
8694,25,0
8695,25,0
8696,25,0
8697,26,0
8698,27,0
8699,28,0
8700,28,0
8701,28,0
8702,28,0
8703,28,0
8704,28,0
8705,27,0
8706,27,0
8707,27,0
8708,26,0
8709,26,0
8710,24.5,0
8711,22.25,0
8712,20,0
8713,20,0
8714,20,0
8715,18,0
8716,18,0
8717,18,0
8718,18.3333333333333,0
8719,23,0
8720,26,0
8721,28,0
8722,31,0
8723,35,0
8724,36,0
8725,35,0
8726,35,0
8727,34,0
8728,33,0
8729,32,0
8730,33,0
8731,33,0
8732,32,0
8733,34,0
8734,36,0.016
8735,35,0.04
8736,35,0.064
8737,36,0.08
8738,36,0.08
8739,36,0.066666666666667
8740,37,0.0525
8741,38.8,0.18
8742,39.3333333333333,0.13
8743,40.8,0.046
8744,42.25,0.06625
8745,42.2,0.139
8746,42.8,0.134
8747,43,0.194
8748,43,0.1125
8749,43.8,0.04
8750,44,0.0175
8751,46.3333333333333,0.003333333333333
8752,46.3333333333333,0
8753,43.6666666666667,0
8754,41,0
8755,39,0
8756,39,0
8757,38,0
8758,38,0
8759,37,0
